County,State,Total defense spending in (billions)
TARRANT,TEXAS,$121.53B
NO COUNTY LISTED,NA,$120.40B
FAIRFAX,VIRGINIA,$83.55B
SAN DIEGO,CALIFORNIA,$55.41B
NEW LONDON,CONNECTICUT,$50.51B
DALLAS,TEXAS,$48.85B
LOS ANGELES,CALIFORNIA,$46.75B
SAINT LOUIS,MISSOURI,$45.92B
MIDDLESEX,MASSACHUSETTS,$45.26B
PIMA,ARIZONA,$45.24B
JEFFERSON,KENTUCKY,$40.64B
MADISON,ALABAMA,$37.77B
NEW YORK,NEW YORK,$34.87B
DISTRICT OF COLUMBIA,DISTRICT OF COLUMBIA,$32.82B
HARTFORD,CONNECTICUT,$31.93B
ORANGE,FLORIDA,$30.86B
KING,WASHINGTON,$27.75B
FAIRFIELD,CONNECTICUT,$23.72B
VIRGINIA BEACH CITY,VIRGINIA,$22.92B
BEXAR,TEXAS,$22.86B
MARICOPA,ARIZONA,$22.46B
BREVARD,FLORIDA,$22.02B
ANNE ARUNDEL,MARYLAND,$21.25B
ARLINGTON,VIRGINIA,$21.00B
ESSEX,MASSACHUSETTS,$20.71B
NEWPORT NEWS CITY,VIRGINIA,$19.56B
ALLEGHENY,PENNSYLVANIA,$19.25B
SACRAMENTO,CALIFORNIA,$19.25B
JACKSON,MISSISSIPPI,$18.56B
MACOMB,MICHIGAN,$16.64B
SANTA CLARA,CALIFORNIA,$16.52B
MONTGOMERY,PENNSYLVANIA,$15.57B
NORFOLK CITY,VIRGINIA,$15.04B
COOK,ILLINOIS,$15.04B
HONOLULU,HAWAII,$14.71B
SAINT MARYS,MARYLAND,$14.57B
MONTGOMERY,MARYLAND,$14.19B
EL PASO,COLORADO,$14.02B
HARRIS,TEXAS,$13.62B
BURLINGTON,NEW JERSEY,$12.45B
MARION,INDIANA,$12.36B
COBB,GEORGIA,$12.27B
OKLAHOMA,OKLAHOMA,$12.24B
PRINCE WILLIAM,VIRGINIA,$11.06B
ORANGE,CALIFORNIA,$10.31B
HILLSBOROUGH,FLORIDA,$9.99B
GUAM,GUAM,$9.89B
WEBER,UTAH,$9.87B
DOUGLAS,COLORADO,$9.84B
ARAPAHOE,COLORADO,$9.55B
WINNEBAGO,WISCONSIN,$9.39B
YORK,PENNSYLVANIA,$9.35B
DUVAL,FLORIDA,$9.12B
HOWARD,MARYLAND,$8.88B
MONROE,NEW YORK,$8.71B
HARFORD,MARYLAND,$8.34B
SAGADAHOC,MAINE,$8.20B
ONONDAGA,NEW YORK,$7.96B
OKALOOSA,FLORIDA,$7.94B
LINN,IOWA,$7.74B
HUNT,TEXAS,$7.53B
TIOGA,NEW YORK,$7.44B
POTTER,TEXAS,$7.40B
HAMILTON,OHIO,$6.78B
BALTIMORE,MARYLAND,$6.75B
GREENE,OHIO,$6.69B
ALEXANDRIA CITY,VIRGINIA,$6.64B
LOUDOUN,VIRGINIA,$6.62B
KERN,CALIFORNIA,$6.26B
CHARLESTON,SOUTH CAROLINA,$5.96B
WESTCHESTER,NEW YORK,$5.95B
COLLIN,TEXAS,$5.92B
HILLSBOROUGH,NEW HAMPSHIRE,$5.90B
DELAWARE,PENNSYLVANIA,$5.82B
BAY,FLORIDA,$5.72B
ONSLOW,NORTH CAROLINA,$5.68B
VENTURA,CALIFORNIA,$5.61B
PRINCE GEORGES,MARYLAND,$5.54B
DAVIS,UTAH,$5.37B
DUPAGE,ILLINOIS,$5.24B
CUMBERLAND,NORTH CAROLINA,$5.21B
ANCHORAGE,ALASKA,$5.11B
SAINT CLAIR,ILLINOIS,$4.71B
SUFFOLK,MASSACHUSETTS,$4.69B
DALE,ALABAMA,$4.64B
CLARK,NEVADA,$4.62B
FULTON,GEORGIA,$4.61B
LAKE,ILLINOIS,$4.48B
PORTSMOUTH CITY,VIRGINIA,$4.47B
KITSAP,WASHINGTON,$4.45B
CHESTER,PENNSYLVANIA,$4.45B
MONTGOMERY,OHIO,$4.40B
FAYETTE,KENTUCKY,$4.39B
PINELLAS,FLORIDA,$4.26B
MOBILE,ALABAMA,$4.14B
EL PASO,TEXAS,$4.00B
PHILADELPHIA,PENNSYLVANIA,$3.93B
SUFFOLK,NEW YORK,$3.91B
ST JOSEPH,INDIANA,$3.86B
HOUSTON,GEORGIA,$3.83B
MARINETTE,WISCONSIN,$3.79B
BERNALILLO,NEW MEXICO,$3.74B
HENNEPIN,MINNESOTA,$3.58B
BALTIMORE CITY,MARYLAND,$3.46B
ESSEX,NEW JERSEY,$3.45B
SAN BERNARDINO,CALIFORNIA,$3.36B
SARPY,NEBRASKA,$3.35B
COCHISE,ARIZONA,$3.34B
JACKSON,MISSOURI,$3.33B
NEWPORT,RHODE ISLAND,$3.32B
ORLEANS,LOUISIANA,$3.20B
YORK,MAINE,$3.16B
SALT LAKE,UTAH,$3.15B
FRANKLIN,PENNSYLVANIA,$3.14B
UNION,NEW JERSEY,$3.12B
MONTGOMERY,ALABAMA,$3.12B
NASSAU,NEW YORK,$3.11B
PIERCE,WASHINGTON,$3.09B
HAMPTON CITY,VIRGINIA,$3.06B
SHELBY,TENNESSEE,$3.00B
MORRIS,NEW JERSEY,$2.95B
BELL,TEXAS,$2.93B
FRANKLIN,OHIO,$2.92B
DENVER,COLORADO,$2.91B
DURHAM,NORTH CAROLINA,$2.84B
CUMBERLAND,PENNSYLVANIA,$2.77B
SANTA BARBARA,CALIFORNIA,$2.75B
KING GEORGE,VIRGINIA,$2.72B
CRAVEN,NORTH CAROLINA,$2.69B
SEDGWICK,KANSAS,$2.67B
MARTIN,INDIANA,$2.67B
COFFEE,TENNESSEE,$2.67B
RADFORD CITY,VIRGINIA,$2.63B
MIAMI-DADE,FLORIDA,$2.63B
WASHOE,NEVADA,$2.59B
FAIRBANKS NORTH STAR,ALASKA,$2.57B
BUCKS,PENNSYLVANIA,$2.56B
YUMA,ARIZONA,$2.54B
BERKELEY,SOUTH CAROLINA,$2.52B
WILLIAMSON,TEXAS,$2.51B
TRAVIS,TEXAS,$2.48B
MADISON,MISSISSIPPI,$2.40B
WINNEBAGO,ILLINOIS,$2.38B
CONTRA COSTA,CALIFORNIA,$2.32B
FREDERICK,MARYLAND,$2.30B
CAMBRIA,PENNSYLVANIA,$2.28B
HARDIN,KENTUCKY,$2.21B
RICHMOND,GEORGIA,$2.20B
CAMDEN,GEORGIA,$2.18B
ESCAMBIA,FLORIDA,$2.16B
BRISTOL,MASSACHUSETTS,$2.16B
CUMBERLAND,MAINE,$2.13B
LUZERNE,PENNSYLVANIA,$2.13B
CHRISTIAN,KENTUCKY,$2.12B
CHIPPEWA,MICHIGAN,$2.08B
NO COUNTY LISTED,CALIFORNIA,$2.07B
MADISON,KENTUCKY,$2.06B
ALAMEDA,CALIFORNIA,$2.02B
ANOKA,MINNESOTA,$2.01B
QUEEN ANNES,MARYLAND,$1.98B
RIVERSIDE,CALIFORNIA,$1.97B
PUEBLO,COLORADO,$1.93B
ONEIDA,NEW YORK,$1.91B
ROCKINGHAM,NEW HAMPSHIRE,$1.91B
SOLANO,CALIFORNIA,$1.90B
CHESAPEAKE CITY,VIRGINIA,$1.88B
NUECES,TEXAS,$1.87B
VERNON,LOUISIANA,$1.83B
BERKSHIRE,MASSACHUSETTS,$1.82B
PALM BEACH,FLORIDA,$1.81B
SAN JUAN,PUERTO RICO,$1.81B
ORANGE,NEW YORK,$1.79B
CHATTAHOOCHEE,GEORGIA,$1.78B
ROCKWALL,TEXAS,$1.78B
DAUPHIN,PENNSYLVANIA,$1.75B
RICHLAND,SOUTH CAROLINA,$1.74B
MULTNOMAH,OREGON,$1.73B
CHATHAM,GEORGIA,$1.72B
WAYNE,MICHIGAN,$1.70B
WARREN,MISSISSIPPI,$1.68B
PASSAIC,NEW JERSEY,$1.66B
SULLIVAN,TENNESSEE,$1.63B
STAFFORD,VIRGINIA,$1.62B
DES MOINES,IOWA,$1.61B
PULASKI,MISSOURI,$1.55B
BUTLER,OHIO,$1.55B
CAMDEN,NEW JERSEY,$1.54B
SNOHOMISH,WASHINGTON,$1.54B
WILLIAMSON,ILLINOIS,$1.54B
CHITTENDEN,VERMONT,$1.53B
CENTRE,PENNSYLVANIA,$1.53B
SUMTER,SOUTH CAROLINA,$1.52B
CALHOUN,ALABAMA,$1.51B
TULSA,OKLAHOMA,$1.50B
MCLENNAN,TEXAS,$1.48B
MONMOUTH,NEW JERSEY,$1.48B
OAKLAND,MICHIGAN,$1.46B
NO COUNTY LISTED,MARSHALL ISLANDS,$1.44B
MEADE,SOUTH DAKOTA,$1.42B
NORFOLK,MASSACHUSETTS,$1.42B
SUFFOLK CITY,VIRGINIA,$1.40B
CHARLES,MARYLAND,$1.38B
CORYELL,TEXAS,$1.37B
OTERO,NEW MEXICO,$1.36B
COMANCHE,OKLAHOMA,$1.36B
PRINCE GEORGE,VIRGINIA,$1.36B
BROWARD,FLORIDA,$1.31B
ERIE,NEW YORK,$1.31B
SAN JOAQUIN,CALIFORNIA,$1.31B
BOULDER,COLORADO,$1.30B
HARRISON,MISSISSIPPI,$1.30B
WHITLEY,INDIANA,$1.27B
PLYMOUTH,MASSACHUSETTS,$1.26B
ROCK,WISCONSIN,$1.26B
ALLEN,INDIANA,$1.21B
SAINT LOUIS CITY,MISSOURI,$1.21B
HANOVER,VIRGINIA,$1.21B
WICHITA,TEXAS,$1.20B
DONA ANA,NEW MEXICO,$1.19B
BOWIE,TEXAS,$1.18B
CHURCHILL,NEVADA,$1.15B
CUYAHOGA,OHIO,$1.13B
MONTEREY,CALIFORNIA,$1.12B
LEAVENWORTH,KANSAS,$1.09B
MUSKEGON,MICHIGAN,$1.08B
DANE,WISCONSIN,$1.07B
MAUI,HAWAII,$1.06B
BOSSIER,LOUISIANA,$1.05B
MILWAUKEE,WISCONSIN,$0.99B
COWLEY,KANSAS,$0.99B
MIDDLESEX,NEW JERSEY,$0.99B
SOMERSET,NEW JERSEY,$0.98B
YUBA,CALIFORNIA,$0.96B
LICKING,OHIO,$0.95B
JEFFERSON,COLORADO,$0.95B
FAIRFAX CITY,VIRGINIA,$0.94B
SAN MATEO,CALIFORNIA,$0.94B
VANDERBURGH,INDIANA,$0.94B
SAN FRANCISCO,CALIFORNIA,$0.93B
NO COUNTY LISTED,NEW YORK,$0.92B
WAKE,NORTH CAROLINA,$0.92B
GWINNETT,GEORGIA,$0.92B
WASHTENAW,MICHIGAN,$0.92B
PULASKI,ARKANSAS,$0.91B
GLYNN,GEORGIA,$0.90B
WEST BATON ROUGE,LOUISIANA,$0.89B
GEARY,KANSAS,$0.88B
LIBERTY,GEORGIA,$0.87B
PLAQUEMINES,LOUISIANA,$0.84B
KENT,MICHIGAN,$0.84B
JEFFERSON,TEXAS,$0.84B
BRAZOS,TEXAS,$0.84B
NO COUNTY LISTED,MASSACHUSETTS,$0.83B
GARFIELD,OKLAHOMA,$0.82B
BEAVER,PENNSYLVANIA,$0.82B
PEORIA,ILLINOIS,$0.82B
MONTGOMERY,TENNESSEE,$0.81B
CALHOUN,ARKANSAS,$0.79B
YOLO,CALIFORNIA,$0.79B
SPOKANE,WASHINGTON,$0.79B
LACKAWANNA,PENNSYLVANIA,$0.79B
CACHE,UTAH,$0.78B
JEFFERSON,NEW YORK,$0.78B
MANASSAS CITY,VIRGINIA,$0.77B
ALBANY,NEW YORK,$0.77B
HANCOCK,OHIO,$0.77B
MINERAL,WEST VIRGINIA,$0.77B
WAUKESHA,WISCONSIN,$0.76B
MONROE,WISCONSIN,$0.75B
OUACHITA,ARKANSAS,$0.75B
BEAUFORT,SOUTH CAROLINA,$0.74B
MARION,SOUTH CAROLINA,$0.73B
KLICKITAT,WASHINGTON,$0.72B
OCEAN,NEW JERSEY,$0.72B
CLACKAMAS,OREGON,$0.72B
KINGS,NEW YORK,$0.72B
BERGEN,NEW JERSEY,$0.70B
NORTHAMPTON,PENNSYLVANIA,$0.70B
SAINT TAMMANY,LOUISIANA,$0.69B
LOWNDES,MISSISSIPPI,$0.69B
ALBEMARLE,VIRGINIA,$0.69B
ROCK ISLAND,ILLINOIS,$0.68B
NO COUNTY LISTED,PENNSYLVANIA,$0.68B
CASCADE,MONTANA,$0.68B
MECKLENBURG,NORTH CAROLINA,$0.66B
GUILFORD,NORTH CAROLINA,$0.66B
NEW CASTLE,DELAWARE,$0.65B
TAYLOR,FLORIDA,$0.65B
BUTLER,PENNSYLVANIA,$0.65B
HAMPSHIRE,MASSACHUSETTS,$0.65B
NO COUNTY LISTED,MICHIGAN,$0.64B
LARAMIE,WYOMING,$0.64B
NO COUNTY LISTED,FLORIDA,$0.63B
JOHNSON,MISSOURI,$0.63B
ROANOKE,VIRGINIA,$0.63B
SCOTT,MISSISSIPPI,$0.63B
KINGS,CALIFORNIA,$0.63B
MERCER,NEW JERSEY,$0.62B
QUEENS,NEW YORK,$0.62B
KENTON,KENTUCKY,$0.62B
CLERMONT,OHIO,$0.62B
SOUTHEAST FAIRBANKS,ALASKA,$0.62B
LAFOURCHE,LOUISIANA,$0.62B
LARIMER,COLORADO,$0.62B
FORT BEND,TEXAS,$0.62B
LEE,FLORIDA,$0.61B
HUDSON,NEW JERSEY,$0.60B
ADAMS,COLORADO,$0.60B
NO COUNTY LISTED,VIRGINIA,$0.60B
HANCOCK,MISSISSIPPI,$0.60B
SAINT MARY,LOUISIANA,$0.59B
WORCESTER,MASSACHUSETTS,$0.59B
HINDS,MISSISSIPPI,$0.59B
EAST BATON ROUGE,LOUISIANA,$0.58B
MONROE,PENNSYLVANIA,$0.57B
ISLAND,WASHINGTON,$0.57B
DAVIDSON,TENNESSEE,$0.56B
WARD,NORTH DAKOTA,$0.56B
NO COUNTY LISTED,WASHINGTON,$0.56B
DOUGHERTY,GEORGIA,$0.54B
NO COUNTY LISTED,TEXAS,$0.54B
NO COUNTY LISTED,HAWAII,$0.54B
YORK,VIRGINIA,$0.53B
NO COUNTY LISTED,MINNESOTA,$0.53B
LOWNDES,GEORGIA,$0.53B
COLLIER,FLORIDA,$0.53B
RAMSEY,MINNESOTA,$0.52B
NO COUNTY LISTED,GEORGIA,$0.51B
ONTARIO,NEW YORK,$0.50B
WEXFORD,MICHIGAN,$0.50B
CABO ROJO,PUERTO RICO,$0.50B
GREENVILLE,SOUTH CAROLINA,$0.50B
WEBB,TEXAS,$0.50B
BERKS,PENNSYLVANIA,$0.50B
JOHNSON,KANSAS,$0.49B
ELMORE,IDAHO,$0.49B
NEW HAVEN,CONNECTICUT,$0.48B
ALEUTIANS WEST,ALASKA,$0.48B
STARR,TEXAS,$0.48B
KENT,DELAWARE,$0.48B
CASS,NORTH DAKOTA,$0.48B
TOOELE,UTAH,$0.47B
KAUAI,HAWAII,$0.47B
MARION,OREGON,$0.47B
NO COUNTY LISTED,MARYLAND,$0.47B
CURRY,NEW MEXICO,$0.47B
MIAMI,OHIO,$0.46B
LIVINGSTON,KENTUCKY,$0.46B
MUSCOGEE,GEORGIA,$0.46B
LEON,FLORIDA,$0.45B
BARNSTABLE,MASSACHUSETTS,$0.45B
TAYLOR,TEXAS,$0.44B
NO COUNTY LISTED,INDIANA,$0.44B
SAINT LUCIE,FLORIDA,$0.44B
NO COUNTY LISTED,ARIZONA,$0.43B
SANTA ROSA,FLORIDA,$0.43B
CHESTERFIELD,VIRGINIA,$0.43B
WAYNE,NORTH CAROLINA,$0.42B
GLOUCESTER,NEW JERSEY,$0.42B
INGHAM,MICHIGAN,$0.42B
LEXINGTON,SOUTH CAROLINA,$0.42B
DOUGLAS,NEBRASKA,$0.42B
WYANDOTTE,KANSAS,$0.42B
WILLIAMSON,TENNESSEE,$0.41B
LA CROSSE,WISCONSIN,$0.41B
NO COUNTY LISTED,OHIO,$0.41B
MONROE,FLORIDA,$0.41B
TINIAN,NORTHERN MARIANA ISLANDS,$0.41B
NO COUNTY LISTED,ILLINOIS,$0.41B
LUNA,NEW MEXICO,$0.40B
GRAFTON,NEW HAMPSHIRE,$0.40B
MADISON,ILLINOIS,$0.40B
POLK,IOWA,$0.40B
CALHOUN,MICHIGAN,$0.39B
NO COUNTY LISTED,ALABAMA,$0.39B
DUTCHESS,NEW YORK,$0.39B
LAFAYETTE,MISSISSIPPI,$0.39B
GALVESTON,TEXAS,$0.39B
BRUNSWICK,NORTH CAROLINA,$0.38B
NEW HANOVER,NORTH CAROLINA,$0.38B
VOLUSIA,FLORIDA,$0.38B
SUMMERS,WEST VIRGINIA,$0.38B
NO COUNTY LISTED,NORTH CAROLINA,$0.37B
NO COUNTY LISTED,LOUISIANA,$0.36B
VAL VERDE,TEXAS,$0.36B
SPOTSYLVANIA,VIRGINIA,$0.35B
NO COUNTY LISTED,ARKANSAS,$0.35B
GRAND FORKS,NORTH DAKOTA,$0.35B
LEHIGH,PENNSYLVANIA,$0.35B
JEFFERSON,ALABAMA,$0.35B
SEMINOLE,FLORIDA,$0.35B
SCOTT,IOWA,$0.35B
BARTHOLOMEW,INDIANA,$0.35B
TERREBONNE,LOUISIANA,$0.35B
UNION,SOUTH DAKOTA,$0.34B
TALLADEGA,ALABAMA,$0.34B
UTAH,UTAH,$0.34B
NIAGARA,NEW YORK,$0.34B
DENALI,ALASKA,$0.34B
HOKE,NORTH CAROLINA,$0.33B
ROCKINGHAM,NORTH CAROLINA,$0.33B
HARDEMAN,TENNESSEE,$0.33B
SONOMA,CALIFORNIA,$0.32B
SUMMIT,OHIO,$0.32B
CLINTON,MICHIGAN,$0.32B
MONTGOMERY,VIRGINIA,$0.32B
NO COUNTY LISTED,KANSAS,$0.32B
ALACHUA,FLORIDA,$0.32B
MINERAL,NEVADA,$0.32B
PISCATAQUIS,MAINE,$0.32B
PASCO,FLORIDA,$0.32B
KNOX,TENNESSEE,$0.32B
DAKOTA,MINNESOTA,$0.32B
PENOBSCOT,MAINE,$0.31B
FREMONT,IOWA,$0.31B
SAINT CHARLES,MISSOURI,$0.31B
NO COUNTY LISTED,CONNECTICUT,$0.31B
NO COUNTY LISTED,UTAH,$0.31B
NO COUNTY LISTED,WISCONSIN,$0.30B
WASHINGTON,PENNSYLVANIA,$0.30B
BROOME,NEW YORK,$0.30B
WILLIAMSBURG CITY,VIRGINIA,$0.30B
MANATEE,FLORIDA,$0.29B
SEBASTIAN,ARKANSAS,$0.29B
CAYEY,PUERTO RICO,$0.29B
CUMBERLAND,NEW JERSEY,$0.29B
WARREN,OHIO,$0.29B
NO COUNTY LISTED,ALASKA,$0.29B
NO COUNTY LISTED,IDAHO,$0.29B
JEFFERSON,LOUISIANA,$0.29B
CALCASIEU,LOUISIANA,$0.29B
NO COUNTY LISTED,RHODE ISLAND,$0.29B
CLAY,FLORIDA,$0.28B
NO COUNTY LISTED,NEBRASKA,$0.28B
HAMPDEN,MASSACHUSETTS,$0.28B
LAKE,MONTANA,$0.28B
UMATILLA,OREGON,$0.27B
TUSCALOOSA,ALABAMA,$0.27B
NO COUNTY LISTED,MONTANA,$0.27B
CAMUY,PUERTO RICO,$0.27B
KLEBERG,TEXAS,$0.27B
ADAMS,PENNSYLVANIA,$0.27B
SAINT JOHNS,FLORIDA,$0.27B
NO COUNTY LISTED,COLORADO,$0.27B
ERIE,PENNSYLVANIA,$0.27B
BRAZORIA,TEXAS,$0.27B
JACKSON,OKLAHOMA,$0.27B
TOM GREEN,TEXAS,$0.27B
CARROLL,MARYLAND,$0.26B
NO COUNTY LISTED,OKLAHOMA,$0.26B
HAMILTON,TENNESSEE,$0.26B
ADDISON,VERMONT,$0.26B
NO COUNTY LISTED,NEW MEXICO,$0.26B
NO COUNTY LISTED,OREGON,$0.26B
ALLEN,OHIO,$0.26B
ARMSTRONG,PENNSYLVANIA,$0.25B
NO COUNTY LISTED,SOUTH CAROLINA,$0.25B
MCCREARY,KENTUCKY,$0.25B
HICKMAN,TENNESSEE,$0.25B
NO COUNTY LISTED,NEW JERSEY,$0.25B
HOWELL,MISSOURI,$0.24B
BONNEVILLE,IDAHO,$0.24B
LANCASTER,PENNSYLVANIA,$0.24B
FORSYTH,NORTH CAROLINA,$0.24B
ANDERSON,TENNESSEE,$0.24B
CLATSOP,OREGON,$0.24B
RICHMOND CITY,VIRGINIA,$0.24B
NO COUNTY LISTED,PALAU,$0.24B
BRONX,NEW YORK,$0.23B
DENTON,TEXAS,$0.23B
CLEVELAND,OKLAHOMA,$0.23B
DAVIESS,INDIANA,$0.23B
IMPERIAL,CALIFORNIA,$0.23B
PROVIDENCE,RHODE ISLAND,$0.23B
DELAWARE,OHIO,$0.23B
MONONGALIA,WEST VIRGINIA,$0.23B
AUSTIN,TEXAS,$0.23B
DESOTO,MISSISSIPPI,$0.22B
NO COUNTY LISTED,DISTRICT OF COLUMBIA,$0.22B
PITT,NORTH CAROLINA,$0.22B
ADA,IDAHO,$0.22B
DALLAS,ALABAMA,$0.22B
JOHNSON,IOWA,$0.22B
CHAMPAIGN,ILLINOIS,$0.22B
SCHENECTADY,NEW YORK,$0.22B
CHARLOTTESVILLE CITY,VIRGINIA,$0.22B
ATCHISON,MISSOURI,$0.22B
NO COUNTY LISTED,WEST VIRGINIA,$0.22B
DORCHESTER,SOUTH CAROLINA,$0.22B
WINSTON,MISSISSIPPI,$0.21B
FREDERICKSBURG CITY,VIRGINIA,$0.21B
KLAMATH,OREGON,$0.21B
MINNEHAHA,SOUTH DAKOTA,$0.21B
LIVINGSTON,MICHIGAN,$0.21B
PETERSBURG CITY,VIRGINIA,$0.21B
CLARK,WASHINGTON,$0.21B
STANISLAUS,CALIFORNIA,$0.21B
CLAYTON,GEORGIA,$0.21B
COLUMBIA,GEORGIA,$0.21B
JASPER,MISSOURI,$0.21B
CHARLES MIX,SOUTH DAKOTA,$0.21B
LAJAS,PUERTO RICO,$0.20B
NO COUNTY LISTED,TENNESSEE,$0.20B
NO COUNTY LISTED,VERMONT,$0.20B
DEKALB,GEORGIA,$0.20B
WASHINGTON,OREGON,$0.20B
WILL,ILLINOIS,$0.20B
SALEM,NEW JERSEY,$0.20B
ARKANSAS,ARKANSAS,$0.20B
LAKE,OHIO,$0.20B
SKAGIT,WASHINGTON,$0.20B
NO COUNTY LISTED,KENTUCKY,$0.19B
WALLER,TEXAS,$0.19B
KENOSHA,WISCONSIN,$0.19B
LAUREL,KENTUCKY,$0.19B
NO COUNTY LISTED,PUERTO RICO,$0.19B
ACCOMACK,VIRGINIA,$0.19B
TIPPECANOE,INDIANA,$0.19B
NO COUNTY LISTED,NEVADA,$0.19B
IREDELL,NORTH CAROLINA,$0.19B
MIAMI,INDIANA,$0.19B
COFFEE,ALABAMA,$0.19B
NO COUNTY LISTED,WYOMING,$0.19B
SARATOGA,NEW YORK,$0.19B
MCKINLEY,NEW MEXICO,$0.19B
NO COUNTY LISTED,MAINE,$0.19B
KENDALL,TEXAS,$0.18B
FORREST,MISSISSIPPI,$0.18B
ROCKLAND,NEW YORK,$0.18B
WOOD,OHIO,$0.18B
SHELBY,ALABAMA,$0.18B
NO COUNTY LISTED,IOWA,$0.18B
CHEROKEE,GEORGIA,$0.18B
BOX ELDER,UTAH,$0.18B
JEFFERSON,ARKANSAS,$0.18B
FAYETTE,GEORGIA,$0.18B
STUTSMAN,NORTH DAKOTA,$0.18B
HALL,GEORGIA,$0.18B
SAN BENITO,CALIFORNIA,$0.17B
SAN LUIS OBISPO,CALIFORNIA,$0.17B
LAWRENCE,INDIANA,$0.17B
SPARTANBURG,SOUTH CAROLINA,$0.17B
NORTH SLOPE,ALASKA,$0.17B
PEACH,GEORGIA,$0.17B
CAROLINE,VIRGINIA,$0.17B
NO COUNTY LISTED,NORTH DAKOTA,$0.17B
BUNCOMBE,NORTH CAROLINA,$0.17B
CAMERON,TEXAS,$0.16B
LEE,ALABAMA,$0.16B
RUSSELL,KENTUCKY,$0.16B
ATLANTIC,NEW JERSEY,$0.16B
JOHNSTON,NORTH CAROLINA,$0.16B
JASPER,INDIANA,$0.16B
NO COUNTY LISTED,DELAWARE,$0.16B
VERMILION,ILLINOIS,$0.16B
WHATCOM,WASHINGTON,$0.16B
DENT,MISSOURI,$0.16B
ELKHART,INDIANA,$0.16B
WESTMORELAND,PENNSYLVANIA,$0.16B
FRESNO,CALIFORNIA,$0.16B
OKTIBBEHA,MISSISSIPPI,$0.16B
LAFAYETTE,MISSOURI,$0.16B
YAKIMA,WASHINGTON,$0.16B
SANTA FE,NEW MEXICO,$0.15B
NO COUNTY LISTED,SOUTH DAKOTA,$0.15B
LYCOMING,PENNSYLVANIA,$0.15B
PLACER,CALIFORNIA,$0.15B
ROGERS,OKLAHOMA,$0.15B
ROANOKE CITY,VIRGINIA,$0.15B
ORANGE,NORTH CAROLINA,$0.15B
PRINCE GEORGE'S,MARYLAND,$0.15B
LANCASTER,VIRGINIA,$0.15B
HARRISONBURG CITY,VIRGINIA,$0.15B
SEQUOYAH,OKLAHOMA,$0.15B
OUTAGAMIE,WISCONSIN,$0.15B
WASHINGTON,RHODE ISLAND,$0.15B
MARIN,CALIFORNIA,$0.15B
HAWAII,HAWAII,$0.15B
PENNINGTON,SOUTH DAKOTA,$0.15B
POLK,GEORGIA,$0.15B
LANE,OREGON,$0.15B
WHITMAN,WASHINGTON,$0.14B
LAUDERDALE,MISSISSIPPI,$0.14B
PITTSBURG,OKLAHOMA,$0.14B
ST JOHN THE BAPTIST,LOUISIANA,$0.14B
BOYLE,KENTUCKY,$0.14B
SUMNER,TENNESSEE,$0.14B
FORSYTH,GEORGIA,$0.14B
MIDDLESEX,CONNECTICUT,$0.14B
NO COUNTY LISTED,MISSOURI,$0.14B
KALAMAZOO,MICHIGAN,$0.14B
RAPIDES,LOUISIANA,$0.14B
LIMESTONE,ALABAMA,$0.14B
FALLS CHURCH CITY,VIRGINIA,$0.14B
TOMPKINS,NEW YORK,$0.14B
PAYNE,OKLAHOMA,$0.14B
BAYAMON,PUERTO RICO,$0.14B
COMAL,TEXAS,$0.14B
BOONE,KENTUCKY,$0.14B
IBERIA,LOUISIANA,$0.14B
CALVERT,MARYLAND,$0.14B
UNION,NORTH CAROLINA,$0.14B
MORGAN,ALABAMA,$0.14B
GUADALUPE,TEXAS,$0.13B
LEBANON,PENNSYLVANIA,$0.13B
WAYNE,KENTUCKY,$0.13B
SHAWNEE,KANSAS,$0.13B
JEFFERSON,WEST VIRGINIA,$0.13B
SUMMIT,UTAH,$0.13B
CECIL,MARYLAND,$0.13B
MAYAGUEZ,PUERTO RICO,$0.13B
SOCORRO,NEW MEXICO,$0.13B
HIDALGO,TEXAS,$0.13B
DOUGLAS,WASHINGTON,$0.13B
OCONEE,GEORGIA,$0.13B
JEFFERSON,MISSOURI,$0.13B
PULASKI,ILLINOIS,$0.12B
JOHNSON,INDIANA,$0.12B
PICKENS,SOUTH CAROLINA,$0.12B
SUSSEX,VIRGINIA,$0.12B
VIEQUES,PUERTO RICO,$0.12B
LAKE,INDIANA,$0.12B
BIBB,GEORGIA,$0.12B
NASH,NORTH CAROLINA,$0.12B
HOUGHTON,MICHIGAN,$0.12B
WALLA WALLA,WASHINGTON,$0.12B
WASHINGTON,MAINE,$0.12B
OTTAWA,MICHIGAN,$0.12B
KANE,ILLINOIS,$0.12B
MUSCATINE,IOWA,$0.12B
BROOMFIELD,COLORADO,$0.12B
DEKALB,TENNESSEE,$0.12B
NO COUNTY LISTED,NEW HAMPSHIRE,$0.12B
BUCHANAN,MISSOURI,$0.12B
BLOUNT,TENNESSEE,$0.12B
SULLIVAN,NEW HAMPSHIRE,$0.12B
MONROE,INDIANA,$0.11B
BUTTE,CALIFORNIA,$0.11B
CHAMBERS,TEXAS,$0.11B
PEMBINA,NORTH DAKOTA,$0.11B
LASSEN,CALIFORNIA,$0.11B
WILSON,NORTH CAROLINA,$0.11B
CLARK,OHIO,$0.11B
JASPER,SOUTH CAROLINA,$0.11B
LUBBOCK,TEXAS,$0.11B
SHEBOYGAN,WISCONSIN,$0.11B
LORAIN,OHIO,$0.11B
HERNANDO,FLORIDA,$0.11B
FLOYD,INDIANA,$0.11B
ALPENA,MICHIGAN,$0.11B
MESA,COLORADO,$0.11B
CLAY,MISSOURI,$0.11B
CAROLINA,PUERTO RICO,$0.11B
OROCOVIS,PUERTO RICO,$0.11B
JACKSON,MICHIGAN,$0.11B
BAXTER,ARKANSAS,$0.11B
SMYTH,VIRGINIA,$0.11B
CHAMPAIGN,OHIO,$0.11B
CAMPBELL,VIRGINIA,$0.11B
WAYNE,NEW YORK,$0.10B
MENIFEE,KENTUCKY,$0.10B
LITCHFIELD,CONNECTICUT,$0.10B
EAST FELICIANA,LOUISIANA,$0.10B
NO COUNTY LISTED,GUAM,$0.10B
EL DORADO,CALIFORNIA,$0.10B
DORCHESTER,MARYLAND,$0.10B
WASHINGTON,ARKANSAS,$0.10B
WYOMING,WEST VIRGINIA,$0.10B
GASTON,NORTH CAROLINA,$0.10B
HENDRY,FLORIDA,$0.10B
TULARE,CALIFORNIA,$0.10B
KANAWHA,WEST VIRGINIA,$0.10B
ARECIBO,PUERTO RICO,$0.10B
WOODBURY,IOWA,$0.10B
BUTLER,KANSAS,$0.10B
KOSCIUSKO,INDIANA,$0.10B
GALLATIN,MONTANA,$0.10B
MARION,FLORIDA,$0.10B
WEST FELICIANA,LOUISIANA,$0.10B
LYON,KENTUCKY,$0.10B
MUHLENBERG,KENTUCKY,$0.10B
TANGIPAHOA,LOUISIANA,$0.10B
HOOD RIVER,OREGON,$0.10B
COLUMBIA,WASHINGTON,$0.10B
RALLS,MISSOURI,$0.10B
BENTON,ARKANSAS,$0.10B
BROWN,ILLINOIS,$0.09B
SABANA GRANDE,PUERTO RICO,$0.09B
CAPE MAY,NEW JERSEY,$0.09B
COOS,OREGON,$0.09B
MCHENRY,ILLINOIS,$0.09B
RICHLAND,OHIO,$0.09B
NICOLLET,MINNESOTA,$0.09B
RICHMOND,NORTH CAROLINA,$0.09B
CADDO,LOUISIANA,$0.09B
JUNEAU,WISCONSIN,$0.09B
SANTA CRUZ,CALIFORNIA,$0.09B
POLK,FLORIDA,$0.09B
OLMSTED,MINNESOTA,$0.09B
CHAUTAUQUA,NEW YORK,$0.09B
PORTAGE,OHIO,$0.09B
PINAL,ARIZONA,$0.09B
LANCASTER,NEBRASKA,$0.08B
WAUPACA,WISCONSIN,$0.08B
COLUMBIANA,OHIO,$0.08B
GUANICA,PUERTO RICO,$0.08B
MEDINA,OHIO,$0.08B
MARTIN,FLORIDA,$0.08B
LUCAS,OHIO,$0.08B
BROWN,WISCONSIN,$0.08B
HENRICO,VIRGINIA,$0.08B
SAINT LOUIS,MINNESOTA,$0.08B
BUFFALO,WISCONSIN,$0.08B
STOREY,NEVADA,$0.08B
ALEUTIANS EAST,ALASKA,$0.08B
CHATTOOGA,GEORGIA,$0.08B
CARTERET,NORTH CAROLINA,$0.08B
CABELL,WEST VIRGINIA,$0.08B
BOONE,MISSOURI,$0.08B
KENAI PENINSULA,ALASKA,$0.08B
TRUMBULL,OHIO,$0.08B
GREENE,TENNESSEE,$0.08B
JAMES CITY,VIRGINIA,$0.08B
HANCOCK,INDIANA,$0.08B
SAUK,WISCONSIN,$0.08B
ATHENS,OHIO,$0.08B
SAN MIGUEL,NEW MEXICO,$0.08B
KENT,RHODE ISLAND,$0.08B
IOSCO,MICHIGAN,$0.08B
ESCAMBIA,ALABAMA,$0.08B
LABETTE,KANSAS,$0.08B
CASS,MICHIGAN,$0.08B
BELKNAP,NEW HAMPSHIRE,$0.08B
WORCESTER,MARYLAND,$0.08B
MEADE,KENTUCKY,$0.08B
RUTHERFORD,TENNESSEE,$0.07B
ORANGE,TEXAS,$0.07B
YAMHILL,OREGON,$0.07B
COOS,NEW HAMPSHIRE,$0.07B
PONCE,PUERTO RICO,$0.07B
SAIPAN,NORTHERN MARIANA ISLANDS,$0.07B
RICHMOND,NEW YORK,$0.07B
PEMISCOT,MISSOURI,$0.07B
CARTER,KENTUCKY,$0.07B
DEUEL,SOUTH DAKOTA,$0.07B
CONCORDIA,LOUISIANA,$0.07B
LOUDON,TENNESSEE,$0.07B
GLADES,FLORIDA,$0.07B
CABARRUS,NORTH CAROLINA,$0.07B
ST. LOUIS,MISSOURI,$0.07B
RICHMOND (CITY),VIRGINIA,$0.07B
HART,GEORGIA,$0.07B
TOLLAND,CONNECTICUT,$0.07B
BRYAN,GEORGIA,$0.07B
ALAMANCE,NORTH CAROLINA,$0.07B
RILEY,KANSAS,$0.07B
INDIANA,PENNSYLVANIA,$0.07B
MOORE,NORTH CAROLINA,$0.07B
FAUQUIER,VIRGINIA,$0.07B
TILLAMOOK,OREGON,$0.07B
MONO,CALIFORNIA,$0.07B
LINN,OREGON,$0.07B
BEDFORD,VIRGINIA,$0.07B
AGUADILLA,PUERTO RICO,$0.06B
MATAGORDA,TEXAS,$0.06B
GIBSON,TENNESSEE,$0.06B
AROOSTOOK,MAINE,$0.06B
AUGUSTA,VIRGINIA,$0.06B
STEUBEN,NEW YORK,$0.06B
NOME,ALASKA,$0.06B
COCONINO,ARIZONA,$0.06B
SARASOTA,FLORIDA,$0.06B
BERKELEY,WEST VIRGINIA,$0.06B
WASHINGTON,TENNESSEE,$0.06B
CLALLAM,WASHINGTON,$0.06B
LYNCHBURG CITY,VIRGINIA,$0.06B
SANGAMON,ILLINOIS,$0.06B
YORK,SOUTH CAROLINA,$0.06B
SUSSEX,DELAWARE,$0.06B
DELAWARE,OKLAHOMA,$0.06B
MORA,NEW MEXICO,$0.06B
TALBOT,MARYLAND,$0.06B
BASTROP,TEXAS,$0.06B
GREENE,MISSOURI,$0.06B
RENSSELAER,NEW YORK,$0.06B
CLEARWATER,IDAHO,$0.06B
PHILLIPS,ARKANSAS,$0.06B
WHARTON,TEXAS,$0.06B
MERRIMACK,NEW HAMPSHIRE,$0.06B
KOOTENAI,IDAHO,$0.06B
COLUMBIA,ARKANSAS,$0.06B
SAGINAW,MICHIGAN,$0.06B
BLADEN,NORTH CAROLINA,$0.06B
HAYS,TEXAS,$0.06B
CRAWFORD,MICHIGAN,$0.06B
PEARL RIVER,MISSISSIPPI,$0.06B
KENDALL,ILLINOIS,$0.06B
CLINTON,OHIO,$0.06B
ANDERSON,SOUTH CAROLINA,$0.06B
FRANKLIN,ALABAMA,$0.06B
LEE,MISSISSIPPI,$0.06B
BENTON,WASHINGTON,$0.06B
WICOMICO,MARYLAND,$0.06B
FAYETTE,PENNSYLVANIA,$0.06B
CHARLOTTESVILLE (CITY),VIRGINIA,$0.06B
COROZAL,PUERTO RICO,$0.06B
MADISON,LOUISIANA,$0.06B
BENTON,OREGON,$0.06B
CRAWFORD,PENNSYLVANIA,$0.06B
QUAY,NEW MEXICO,$0.06B
MADISON,NEW YORK,$0.06B
JACKSON,OREGON,$0.05B
AVOYELLES,LOUISIANA,$0.05B
HAMILTON,INDIANA,$0.05B
BALDWIN,ALABAMA,$0.05B
DOUGLAS,KANSAS,$0.05B
MUSKOGEE,OKLAHOMA,$0.05B
SANDOVAL,NEW MEXICO,$0.05B
DOUGLAS,WISCONSIN,$0.05B
LEVY,FLORIDA,$0.05B
HENRY,VIRGINIA,$0.05B
OSCEOLA,FLORIDA,$0.05B
SHERMAN,OREGON,$0.05B
FLATHEAD,MONTANA,$0.05B
LA SALLE,ILLINOIS,$0.05B
STRAFFORD,NEW HAMPSHIRE,$0.05B
FRANKLIN,INDIANA,$0.05B
ADAIR,OKLAHOMA,$0.05B
SUTTER,CALIFORNIA,$0.05B
PASQUOTANK,NORTH CAROLINA,$0.05B
MONTGOMERY,TEXAS,$0.05B
KING AND QUEEN,VIRGINIA,$0.05B
COWLITZ,WASHINGTON,$0.05B
SOMERSET,PENNSYLVANIA,$0.05B
WINDHAM,CONNECTICUT,$0.05B
FLOYD,KENTUCKY,$0.05B
DUKES,MASSACHUSETTS,$0.05B
KERR,TEXAS,$0.05B
HANCOCK,MAINE,$0.05B
HUNTERDON,NEW JERSEY,$0.05B
POTTAWATOMIE,OKLAHOMA,$0.05B
NORTHAMPTON,VIRGINIA,$0.05B
SITKA,ALASKA,$0.05B
GEAUGA,OHIO,$0.05B
JEFFERSON,WASHINGTON,$0.05B
FRANKLIN,WASHINGTON,$0.05B
WASHINGTON,VERMONT,$0.05B
ALEXANDER,ILLINOIS,$0.05B
WASHINGTON,MINNESOTA,$0.05B
WASHINGTON,MARYLAND,$0.05B
HASKELL,OKLAHOMA,$0.05B
VALLEY,MONTANA,$0.05B
DICKINSON,MICHIGAN,$0.05B
SKAMANIA,WASHINGTON,$0.05B
FULTON,PENNSYLVANIA,$0.05B
TIPTON,TENNESSEE,$0.05B
PRESTON,WEST VIRGINIA,$0.05B
WINONA,MINNESOTA,$0.05B
MONTGOMERY,NORTH CAROLINA,$0.05B
WAYNE,OHIO,$0.04B
OKEECHOBEE,FLORIDA,$0.04B
POPE,ARKANSAS,$0.04B
TAZEWELL,ILLINOIS,$0.04B
MADISON,NEBRASKA,$0.04B
MISSISSIPPI,ARKANSAS,$0.04B
FRANKLIN,KENTUCKY,$0.04B
POTTAWATTAMIE,IOWA,$0.04B
RANKIN,MISSISSIPPI,$0.04B
HUMBOLDT,CALIFORNIA,$0.04B
HARNETT,NORTH CAROLINA,$0.04B
CARSON CITY,NEVADA,$0.04B
SAINT CHARLES,LOUISIANA,$0.04B
GARRETT,MARYLAND,$0.04B
RACINE,WISCONSIN,$0.04B
SHELBY,ILLINOIS,$0.04B
COOKE,TEXAS,$0.04B
NO COUNTY LISTED,MICRONESIA,$0.04B
LEFLORE,MISSISSIPPI,$0.04B
BARTOW,GEORGIA,$0.04B
SAN JUAN,COLORADO,$0.04B
OTOE,NEBRASKA,$0.04B
SILVER BOW,MONTANA,$0.04B
HORRY,SOUTH CAROLINA,$0.04B
CALDWELL,NORTH CAROLINA,$0.04B
SAINT CLAIR,MICHIGAN,$0.04B
LYON,NEVADA,$0.04B
GREATER BRIDGEPORT,CONNECTICUT,$0.04B
GRAND TRAVERSE,MICHIGAN,$0.04B
DESCHUTES,OREGON,$0.04B
LEE,ARKANSAS,$0.04B
LINCOLN,MONTANA,$0.04B
ROBESON,NORTH CAROLINA,$0.04B
COLE,MISSOURI,$0.04B
SHERBURNE,MINNESOTA,$0.04B
OUACHITA,LOUISIANA,$0.04B
MASON,WASHINGTON,$0.04B
GRUNDY,MISSOURI,$0.04B
KNOX,INDIANA,$0.04B
COWETA,GEORGIA,$0.04B
GLENN,CALIFORNIA,$0.04B
ELK,PENNSYLVANIA,$0.04B
ORANGE,VERMONT,$0.04B
RUSH,INDIANA,$0.04B
NOTTOWAY,VIRGINIA,$0.04B
WARREN,PENNSYLVANIA,$0.04B
NICHOLAS,WEST VIRGINIA,$0.04B
MORRISON,MINNESOTA,$0.04B
SHERIDAN,WYOMING,$0.04B
ASHTABULA,OHIO,$0.04B
MAHONING,OHIO,$0.04B
WASHINGTON,UTAH,$0.04B
EATON,MICHIGAN,$0.04B
LAKE,FLORIDA,$0.04B
GRAVES,KENTUCKY,$0.04B
WASHBURN,WISCONSIN,$0.04B
PACIFIC,WASHINGTON,$0.04B
HAWKINS,TENNESSEE,$0.04B
WILLACY,TEXAS,$0.04B
BRADFORD,FLORIDA,$0.04B
FRANKLIN,MASSACHUSETTS,$0.04B
STARK,OHIO,$0.04B
BRADLEY,TENNESSEE,$0.04B
MATANUSKA SUSITNA,ALASKA,$0.04B
SCIOTO,OHIO,$0.04B
PARKER,TEXAS,$0.04B
GLOUCESTER,VIRGINIA,$0.04B
HENDRICKS,INDIANA,$0.03B
SAUNDERS,NEBRASKA,$0.03B
ROCKINGHAM,VIRGINIA,$0.03B
TISHOMINGO,MISSISSIPPI,$0.03B
JOHNSON,TEXAS,$0.03B
VIGO,INDIANA,$0.03B
SAINT FRANCOIS,MISSOURI,$0.03B
CATTARAUGUS,NEW YORK,$0.03B
MISSOULA,MONTANA,$0.03B
WASCO,OREGON,$0.03B
WALKER,TEXAS,$0.03B
DANVILLE CITY,VIRGINIA,$0.03B
RUTLAND,VERMONT,$0.03B
CLARKE,GEORGIA,$0.03B
PIERCE,WISCONSIN,$0.03B
ADAMS,ILLINOIS,$0.03B
GILES,VIRGINIA,$0.03B
DOUGLAS,GEORGIA,$0.03B
NEW MADRID,MISSOURI,$0.03B
JACKSON,ILLINOIS,$0.03B
BINGHAM,IDAHO,$0.03B
ERIE,OHIO,$0.03B
GRANT,WASHINGTON,$0.03B
GARLAND,ARKANSAS,$0.03B
CATANO,PUERTO RICO,$0.03B
ANTRIM,MICHIGAN,$0.03B
FLAGLER,FLORIDA,$0.03B
HUNTINGDON,PENNSYLVANIA,$0.03B
THURSTON,NEBRASKA,$0.03B
CARROLL,GEORGIA,$0.03B
CALLAWAY,MISSOURI,$0.03B
LUMPKIN,GEORGIA,$0.03B
KENNEBEC,MAINE,$0.03B
GRAYS HARBOR,WASHINGTON,$0.03B
PORTER,INDIANA,$0.03B
NO COUNTY LISTED,MISSISSIPPI,$0.03B
OSWEGO,NEW YORK,$0.03B
LAURENS,GEORGIA,$0.03B
MARION,IOWA,$0.03B
GRANT,LOUISIANA,$0.03B
SHASTA,CALIFORNIA,$0.03B
LEWIS AND CLARK,MONTANA,$0.03B
TIFT,GEORGIA,$0.03B
NELSON,KENTUCKY,$0.03B
KING WILLIAM,VIRGINIA,$0.03B
POLK,WISCONSIN,$0.03B
MCCORMICK,SOUTH CAROLINA,$0.03B
GARFIELD,WASHINGTON,$0.03B
WASHINGTON,MISSISSIPPI,$0.03B
MECKLENBURG,VIRGINIA,$0.03B
CLINTON,ILLINOIS,$0.03B
HENDERSON,KENTUCKY,$0.03B
POINTE COUPEE,LOUISIANA,$0.03B
BLANCO,TEXAS,$0.03B
MERCED,CALIFORNIA,$0.03B
KODIAK ISLAND,ALASKA,$0.03B
JASPER,TEXAS,$0.03B
HUGHES,SOUTH DAKOTA,$0.03B
WINDSOR,VERMONT,$0.03B
MASON,WEST VIRGINIA,$0.03B
GUAYNABO,PUERTO RICO,$0.03B
TANEY,MISSOURI,$0.03B
PITTSYLVANIA,VIRGINIA,$0.03B
CEIBA,PUERTO RICO,$0.03B
SALINAS,PUERTO RICO,$0.03B
CLEVELAND,NORTH CAROLINA,$0.03B
BOONE,ILLINOIS,$0.03B
COVINGTON,ALABAMA,$0.03B
BRISTOL BAY,ALASKA,$0.03B
BOONE,INDIANA,$0.03B
ORANGEBURG,SOUTH CAROLINA,$0.03B
WALTON,FLORIDA,$0.03B
VERMILION,LOUISIANA,$0.03B
BUFFALO,SOUTH DAKOTA,$0.03B
BRISTOL,RHODE ISLAND,$0.03B
STORY,IOWA,$0.03B
HARRISON,TEXAS,$0.03B
CANADIAN,OKLAHOMA,$0.03B
BLAIR,PENNSYLVANIA,$0.03B
CALLOWAY,KENTUCKY,$0.03B
CAMPBELL,TENNESSEE,$0.03B
PAULDING,GEORGIA,$0.03B
YAZOO,MISSISSIPPI,$0.03B
TUSCARAWAS,OHIO,$0.03B
CAMERON,LOUISIANA,$0.03B
FRANKLIN,TENNESSEE,$0.03B
WASHINGTON,NEW YORK,$0.03B
KETCHIKAN GATEWAY,ALASKA,$0.03B
BULLOCH,GEORGIA,$0.03B
HOUSTON,ALABAMA,$0.03B
PHELPS,MISSOURI,$0.03B
WINCHESTER CITY,VIRGINIA,$0.02B
GILLESPIE,TEXAS,$0.02B
CARBON,PENNSYLVANIA,$0.02B
HARRISON,WEST VIRGINIA,$0.02B
CALHOUN,TEXAS,$0.02B
JEFFERSON,WISCONSIN,$0.02B
JUANA DIAZ,PUERTO RICO,$0.02B
GREEN LAKE,WISCONSIN,$0.02B
DUNKLIN,MISSOURI,$0.02B
CLAY,MINNESOTA,$0.02B
JESSAMINE,KENTUCKY,$0.02B
SMITH,TENNESSEE,$0.02B
OTTAWA,OHIO,$0.02B
COLBERT,ALABAMA,$0.02B
NORTHUMBERLAND,VIRGINIA,$0.02B
PATRICK,VIRGINIA,$0.02B
SMITH,TEXAS,$0.02B
OHIO,WEST VIRGINIA,$0.02B
YAKUTAT,ALASKA,$0.02B
CHESHIRE,NEW HAMPSHIRE,$0.02B
LAMOURE,NORTH DAKOTA,$0.02B
FULTON,KENTUCKY,$0.02B
BURNETT,WISCONSIN,$0.02B
CANYON,IDAHO,$0.02B
EAU CLAIRE,WISCONSIN,$0.02B
BURKE,NORTH CAROLINA,$0.02B
SABINE,LOUISIANA,$0.02B
SALEM,VIRGINIA,$0.02B
MONROE,MICHIGAN,$0.02B
TALLAHATCHIE,MISSISSIPPI,$0.02B
GENESEE,MICHIGAN,$0.02B
LINCOLN,MISSOURI,$0.02B
WASHINGTON,OHIO,$0.02B
NO COUNTY LISTED,VIRGIN ISLANDS,$0.02B
CULPEPER,VIRGINIA,$0.02B
CRITTENDEN,ARKANSAS,$0.02B
YUKON KOYUKUK,ALASKA,$0.02B
FRANKLIN,ILLINOIS,$0.02B
CLAY,TEXAS,$0.02B
PIKE,MISSOURI,$0.02B
BUFFALO,NEBRASKA,$0.02B
CARROLL,ARKANSAS,$0.02B
ST. JOSEPH,INDIANA,$0.02B
HARLAN,NEBRASKA,$0.02B
STARK,NORTH DAKOTA,$0.02B
BREMER,IOWA,$0.02B
ORLEANS,VERMONT,$0.02B
BONNER,IDAHO,$0.02B
CLAYTON,IOWA,$0.02B
CARROLL,ILLINOIS,$0.02B
PRAIRIE,ARKANSAS,$0.02B
NYE,NEVADA,$0.02B
HIGHLANDS,FLORIDA,$0.02B
SAINT LAWRENCE,NEW YORK,$0.02B
CHICOT,ARKANSAS,$0.02B
MARQUETTE,MICHIGAN,$0.02B
MCLEAN,NORTH DAKOTA,$0.02B
GRUNDY,ILLINOIS,$0.02B
JUNEAU,ALASKA,$0.02B
CLINTON,NEW YORK,$0.02B
WILKIN,MINNESOTA,$0.02B
MARSHALL,ALABAMA,$0.02B
FREDERICK,VIRGINIA,$0.02B
CHARLOTTE,FLORIDA,$0.02B
CROSS,ARKANSAS,$0.02B
TROUP,GEORGIA,$0.02B
SAINT LANDRY,LOUISIANA,$0.02B
ASSUMPTION,LOUISIANA,$0.02B
HARLAN,KENTUCKY,$0.02B
SANDUSKY,OHIO,$0.02B
SOMERSET,MARYLAND,$0.02B
DALLAS,IOWA,$0.02B
BURLEIGH,NORTH DAKOTA,$0.02B
LEXINGTON CITY,VIRGINIA,$0.02B
THURSTON,WASHINGTON,$0.02B
PANOLA,MISSISSIPPI,$0.02B
DONIPHAN,KANSAS,$0.02B
DOUGLAS,NEVADA,$0.02B
BOSQUE,TEXAS,$0.02B
MIDLAND,MICHIGAN,$0.02B
SENECA,NEW YORK,$0.02B
SALINE,MISSOURI,$0.02B
AMERICAN SAMOA,AMERICAN SAMOA,$0.02B
WAYNE,PENNSYLVANIA,$0.02B
CURRITUCK,NORTH CAROLINA,$0.02B
FRANKLIN,ARKANSAS,$0.02B
DUBOIS,INDIANA,$0.02B
NASSAU,FLORIDA,$0.02B
DOOR,WISCONSIN,$0.02B
OLDHAM,KENTUCKY,$0.02B
CHEROKEE,ALABAMA,$0.02B
FOND DU LAC,WISCONSIN,$0.02B
DARE,NORTH CAROLINA,$0.02B
GRAYSON,TEXAS,$0.02B
TAYLOR,KENTUCKY,$0.02B
JOHNSON,KENTUCKY,$0.02B
BERRIEN,MICHIGAN,$0.02B
DEER LODGE,MONTANA,$0.02B
MORGAN,INDIANA,$0.02B
WORTH,GEORGIA,$0.02B
RANDOLPH,ILLINOIS,$0.02B
IBERVILLE,LOUISIANA,$0.02B
CATAWBA,NORTH CAROLINA,$0.02B
STANLY,NORTH CAROLINA,$0.02B
FAYETTE,WEST VIRGINIA,$0.02B
LEFLORE,OKLAHOMA,$0.02B
LA PAZ,ARIZONA,$0.02B
CLAY,GEORGIA,$0.02B
HARDIN,OHIO,$0.02B
MONTGOMERY,NEW YORK,$0.02B
RAMSEY,NORTH DAKOTA,$0.02B
SEMINOLE,OKLAHOMA,$0.02B
NO COUNTY LISTED,NORTHERN MARIANA ISLANDS,$0.02B
CLEBURNE,ARKANSAS,$0.02B
NEWTON,MISSOURI,$0.02B
YELL,ARKANSAS,$0.02B
JIM WELLS,TEXAS,$0.02B
DESHA,ARKANSAS,$0.02B
TENSAS,LOUISIANA,$0.02B
CALUMET,WISCONSIN,$0.02B
CHARITON,MISSOURI,$0.02B
CAPE GIRARDEAU,MISSOURI,$0.02B
JEFFERSON,ILLINOIS,$0.02B
OTSEGO,NEW YORK,$0.02B
GALLATIN,KENTUCKY,$0.02B
BARRY,MICHIGAN,$0.02B
KEWAUNEE,WISCONSIN,$0.02B
MANITOWOC,WISCONSIN,$0.02B
ADAMS,INDIANA,$0.02B
ORLEANS,NEW YORK,$0.02B
BALLARD,KENTUCKY,$0.02B
WASATCH,UTAH,$0.02B
WELD,COLORADO,$0.02B
OSCEOLA,MICHIGAN,$0.02B
GIBSON,INDIANA,$0.02B
MARION,WEST VIRGINIA,$0.02B
CASS,MISSOURI,$0.02B
CHIPPEWA,MINNESOTA,$0.02B
GADSDEN,FLORIDA,$0.02B
ASOTIN,WASHINGTON,$0.02B
MORGAN,WEST VIRGINIA,$0.02B
LOUISA,VIRGINIA,$0.02B
FAYETTE,TENNESSEE,$0.02B
MARSHALL,INDIANA,$0.02B
CLAY,TENNESSEE,$0.02B
CERRO GORDO,IOWA,$0.02B
SAINT BERNARD,LOUISIANA,$0.02B
PUTNAM,TENNESSEE,$0.02B
CHARLEVOIX,MICHIGAN,$0.02B
MERCER,PENNSYLVANIA,$0.02B
LEWIS,NEW YORK,$0.01B
STEARNS,MINNESOTA,$0.01B
WEBSTER,LOUISIANA,$0.01B
COLES,ILLINOIS,$0.01B
DYER,TENNESSEE,$0.01B
MUSKINGUM,OHIO,$0.01B
LAUDERDALE,ALABAMA,$0.01B
BENTON,MISSOURI,$0.01B
PLATTE,WYOMING,$0.01B
MASON,MICHIGAN,$0.01B
HIGHLAND,OHIO,$0.01B
YELLOWSTONE,MONTANA,$0.01B
GREENSVILLE,VIRGINIA,$0.01B
CROW WING,MINNESOTA,$0.01B
WASHINGTON,TEXAS,$0.01B
BURKE,GEORGIA,$0.01B
BOONE,ARKANSAS,$0.01B
DICKENSON,VIRGINIA,$0.01B
HICKMAN,KENTUCKY,$0.01B
MCDOWELL,WEST VIRGINIA,$0.01B
SAINT CROIX,WISCONSIN,$0.01B
ADJUNTAS,PUERTO RICO,$0.01B
LAS ANIMAS,COLORADO,$0.01B
MADISON,TENNESSEE,$0.01B
LAFAYETTE,LOUISIANA,$0.01B
ALLEGANY,NEW YORK,$0.01B
CLAY,INDIANA,$0.01B
TATE,MISSISSIPPI,$0.01B
EFFINGHAM,GEORGIA,$0.01B
WARREN,TENNESSEE,$0.01B
LAKE,TENNESSEE,$0.01B
SAINT CROIX,VIRGIN ISLANDS OF THE U.S.,$0.01B
ALLEGAN,MICHIGAN,$0.01B
BUREAU,ILLINOIS,$0.01B
CHEMUNG,NEW YORK,$0.01B
SALINE,KANSAS,$0.01B
YANKTON,SOUTH DAKOTA,$0.01B
FRANKLIN,FLORIDA,$0.01B
TETON,WYOMING,$0.01B
ELLIS,TEXAS,$0.01B
MARSHALL,KANSAS,$0.01B
OZAUKEE,WISCONSIN,$0.01B
CHENANGO,NEW YORK,$0.01B
GRENADA,MISSISSIPPI,$0.01B
ROANE,TENNESSEE,$0.01B
ISABELA,PUERTO RICO,$0.01B
BUTLER,MISSOURI,$0.01B
SOUTHEAST FAIRBANKS (CA),ALASKA,$0.01B
LAWRENCE,OHIO,$0.01B
SUMTER,FLORIDA,$0.01B
LINCOLN,OKLAHOMA,$0.01B
WAYNE,MISSOURI,$0.01B
GOODHUE,MINNESOTA,$0.01B
DAWSON,NEBRASKA,$0.01B
LAWRENCE,SOUTH DAKOTA,$0.01B
GREENUP,KENTUCKY,$0.01B
MATHEWS,VIRGINIA,$0.01B
LOS ALAMOS,NEW MEXICO,$0.01B
LA PORTE,INDIANA,$0.01B
MCKEAN,PENNSYLVANIA,$0.01B
CAYUGA,NEW YORK,$0.01B
BULLOCK,ALABAMA,$0.01B
VAN BUREN,TENNESSEE,$0.01B
WABASH,INDIANA,$0.01B
POQUOSON CITY,VIRGINIA,$0.01B
MENDOCINO,CALIFORNIA,$0.01B
PUTNAM,FLORIDA,$0.01B
ST. CLAIR,ILLINOIS,$0.01B
DUBUQUE,IOWA,$0.01B
KAY,OKLAHOMA,$0.01B
BENT,COLORADO,$0.01B
MERCER,WEST VIRGINIA,$0.01B
LOWNDES,ALABAMA,$0.01B
NAPA,CALIFORNIA,$0.01B
SHELBY,INDIANA,$0.01B
UNION,KENTUCKY,$0.01B
CHIPPEWA,WISCONSIN,$0.01B
LIVINGSTON,NEW YORK,$0.01B
MARION,ARKANSAS,$0.01B
MURRAY,GEORGIA,$0.01B
WYOMING,NEW YORK,$0.01B
HENRY,GEORGIA,$0.01B
IRON,UTAH,$0.01B
MECOSTA,MICHIGAN,$0.01B
CHEROKEE,OKLAHOMA,$0.01B
ARANSAS,TEXAS,$0.01B
LEWIS,MISSOURI,$0.01B
CARVER,MINNESOTA,$0.01B
WAYNE,NEBRASKA,$0.01B
HAMBLEN,TENNESSEE,$0.01B
ADAIR,MISSOURI,$0.01B
AGUADA,PUERTO RICO,$0.01B
CADDO,OKLAHOMA,$0.01B
HANCOCK,WEST VIRGINIA,$0.01B
ELBERT,GEORGIA,$0.01B
CEDAR,NEBRASKA,$0.01B
STEPHENS,OKLAHOMA,$0.01B
BEDFORD,PENNSYLVANIA,$0.01B
AIKEN,SOUTH CAROLINA,$0.01B
COLUMBUS,NORTH CAROLINA,$0.01B
FAIRFIELD,OHIO,$0.01B
MOORE,TENNESSEE,$0.01B
JEFFERSON,INDIANA,$0.01B
ADAMS,MISSISSIPPI,$0.01B
AUGLAIZE,OHIO,$0.01B
WARREN,KENTUCKY,$0.01B
DAWSON,MONTANA,$0.01B
LANCASTER,SOUTH CAROLINA,$0.01B
PLATTE,MISSOURI,$0.01B
LINCOLN,LOUISIANA,$0.01B
UNION,SOUTH CAROLINA,$0.01B
SAINT THOMAS,VIRGIN ISLANDS OF THE U.S.,$0.01B
NORTHUMBERLAND,PENNSYLVANIA,$0.01B
MCMINN,TENNESSEE,$0.01B
CLINTON,IOWA,$0.01B
CRAWFORD,OHIO,$0.01B
MCCURTAIN,OKLAHOMA,$0.01B
WHITE,INDIANA,$0.01B
COPIAH,MISSISSIPPI,$0.01B
SOUTH CENTRAL CONNECTICUT,CONNECTICUT,$0.01B
PERRY,INDIANA,$0.01B
SUBLETTE,WYOMING,$0.01B
ADAMS,NEBRASKA,$0.01B
HOPKINS,KENTUCKY,$0.01B
MOUNTRAIL,NORTH DAKOTA,$0.01B
SAINT JAMES,LOUISIANA,$0.01B
CHAVES,NEW MEXICO,$0.01B
KNOTT,KENTUCKY,$0.01B
BLAINE,IDAHO,$0.01B
ASCENSION,LOUISIANA,$0.01B
CREEK,OKLAHOMA,$0.01B
GREENE,VIRGINIA,$0.01B
MCINTOSH,GEORGIA,$0.01B
MERCER,ILLINOIS,$0.01B
PERSON,NORTH CAROLINA,$0.01B
MARION,KANSAS,$0.01B
HALL,NEBRASKA,$0.01B
LAMAR,TEXAS,$0.01B
CASS,NEBRASKA,$0.01B
HENRY,ILLINOIS,$0.01B
DAVIDSON,NORTH CAROLINA,$0.01B
CALEDONIA,VERMONT,$0.01B
DE KALB,INDIANA,$0.01B
KNOX,NEBRASKA,$0.01B
MAYES,OKLAHOMA,$0.01B
KERSHAW,SOUTH CAROLINA,$0.01B
ALBANY,WYOMING,$0.01B
WINDHAM,VERMONT,$0.01B
HANCOCK,ILLINOIS,$0.01B
PUTNAM,WEST VIRGINIA,$0.01B
ANDROSCOGGIN,MAINE,$0.01B
HOLMES,FLORIDA,$0.01B
ELLSWORTH,KANSAS,$0.01B
CHEROKEE,NORTH CAROLINA,$0.01B
PICKAWAY,OHIO,$0.01B
JACKSON,ALABAMA,$0.01B
CHATHAM,NORTH CAROLINA,$0.01B
VERNON,WISCONSIN,$0.01B
GREENE,NEW YORK,$0.01B
BRYAN,OKLAHOMA,$0.01B
POSEY,INDIANA,$0.01B
GREENBRIER,WEST VIRGINIA,$0.01B
OSAGE,OKLAHOMA,$0.01B
WAYNE,WEST VIRGINIA,$0.01B
ROCKDALE,GEORGIA,$0.01B
WADE HAMPTON,ALASKA,$0.01B
SHENANDOAH,VIRGINIA,$0.01B
DOÃA ANA,NEW MEXICO,$0.01B
MACON,ALABAMA,$0.01B
NATRONA,WYOMING,$0.01B
SWITZERLAND,INDIANA,$0.01B
OKANOGAN,WASHINGTON,$0.01B
RIO ARRIBA,NEW MEXICO,$0.01B
MILLER,ARKANSAS,$0.01B
LAKE AND PENINSULA,ALASKA,$0.01B
DELTA,COLORADO,$0.01B
VAN BUREN,MICHIGAN,$0.01B
BRADFORD,PENNSYLVANIA,$0.01B
ST. LOUIS (CITY),MISSOURI,$0.01B
PUTNAM,NEW YORK,$0.01B
CHEATHAM,TENNESSEE,$0.01B
HERKIMER,NEW YORK,$0.01B
SUSSEX,NEW JERSEY,$0.01B
SULLIVAN,INDIANA,$0.01B
TIOGA,PENNSYLVANIA,$0.01B
DICKINSON,KANSAS,$0.01B
SULLIVAN,NEW YORK,$0.01B
HURON,OHIO,$0.01B
WARREN,NEW JERSEY,$0.01B
FAULKNER,ARKANSAS,$0.01B
MASSAC,ILLINOIS,$0.01B
BLAINE,MONTANA,$0.01B
PIKE,ALABAMA,$0.01B
ETOWAH,ALABAMA,$0.01B
VERNON,MISSOURI,$0.01B
JOSEPHINE,OREGON,$0.01B
SUSQUEHANNA,PENNSYLVANIA,$0.01B
ISLE OF WIGHT,VIRGINIA,$0.01B
ATCHISON,KANSAS,$0.01B
PULASKI,KENTUCKY,$0.01B
APACHE,ARIZONA,$0.01B
FULTON,OHIO,$0.01B
ANDREWS,TEXAS,$0.01B
RICHARDSON,NEBRASKA,$0.01B
WILKES,NORTH CAROLINA,$0.01B
NEVADA,CALIFORNIA,$0.01B
PIKE,KENTUCKY,$0.01B
WARRICK,INDIANA,$0.01B
FOREST,PENNSYLVANIA,$0.01B
LENOIR,NORTH CAROLINA,$0.01B
MARION,ILLINOIS,$0.01B
MCCRACKEN,KENTUCKY,$0.01B
MARSHALL,IOWA,$0.01B
STODDARD,MISSOURI,$0.01B
NARANJITO,PUERTO RICO,$0.01B
MONROE,TENNESSEE,$0.01B
LOGAN,ARKANSAS,$0.01B
BROOKINGS,SOUTH DAKOTA,$0.01B
DE KALB,ALABAMA,$0.01B
SAINT CLAIR,ALABAMA,$0.01B
RUTHERFORD,NORTH CAROLINA,$0.01B
ELKO,NEVADA,$0.01B
CLARENDON,SOUTH CAROLINA,$0.01B
MACON,NORTH CAROLINA,$0.01B
ANGELINA,TEXAS,$0.01B
BAY,MICHIGAN,$0.01B
OSAGE,KANSAS,$0.01B
STANLEY,SOUTH DAKOTA,$0.01B
BANNOCK,IDAHO,$0.01B
TAOS,NEW MEXICO,$0.01B
TRANSYLVANIA,NORTH CAROLINA,$0.01B
INDIAN RIVER,FLORIDA,$0.01B
MADISON,VIRGINIA,$0.01B
NORFOLK (CITY),VIRGINIA,$0.01B
BELL,KENTUCKY,$0.01B
SPENCER,KENTUCKY,$0.01B
DELAWARE,NEW YORK,$0.01B
BLAND,VIRGINIA,$0.01B
NEWPORT NEWS (CITY),VIRGINIA,$0.01B
FAIRFAX (CITY),VIRGINIA,$0.01B
GILPIN,COLORADO,$0.01B
HARRISON,OHIO,$0.01B
LA PLATA,COLORADO,$0.01B
LITTLE RIVER,ARKANSAS,$0.01B
COLORADO,TEXAS,$0.01B
DEL NORTE,CALIFORNIA,$0.01B
RANDOLPH,NORTH CAROLINA,$0.01B
SURRY,NORTH CAROLINA,$0.01B
WRANGELL PETERSBURG,ALASKA,$0.01B
MORROW,OREGON,$0.01B
TUNICA,MISSISSIPPI,$0.01B
WHITESIDE,ILLINOIS,$0.01B
VENANGO,PENNSYLVANIA,$0.01B
ASHE,NORTH CAROLINA,$0.01B
MERCER,OHIO,$0.01B
HAINES,ALASKA,$0.01B
POTTAWATOMIE,KANSAS,$0.01B
EDDY,NEW MEXICO,$0.01B
YAVAPAI,ARIZONA,$0.01B
BLOUNT,ALABAMA,$0.01B
BRAXTON,WEST VIRGINIA,$0.01B
CLARK,KENTUCKY,$0.01B
WRIGHT,MISSOURI,$0.01B
SHOSHONE,IDAHO,$0.01B
HARRISON,IOWA,$0.01B
PULASKI,VIRGINIA,$0.01B
BIENVILLE,LOUISIANA,$0.01B
WAYNE,INDIANA,$0.01B
CHARLES CITY,VIRGINIA,$0.01B
MADERA,CALIFORNIA,$0.01B
AITKIN,MINNESOTA,$0.01B
GRANVILLE,NORTH CAROLINA,$0.01B
NOME (CA),ALASKA,$0.01B
MCPHERSON,KANSAS,$0.01B
TAZEWELL,VIRGINIA,$0.01B
ORANGE,VIRGINIA,$0.01B
GILES,TENNESSEE,$0.01B
WARREN,VIRGINIA,$0.01B
SAINTE GENEVIEVE,MISSOURI,$0.01B
GARFIELD,COLORADO,$0.01B
CRENSHAW,ALABAMA,$0.01B
JENNINGS,INDIANA,$0.01B
HUNTINGTON,INDIANA,$0.01B
VIRGINIA BEACH (CITY),VIRGINIA,$0.01B
GREENE,ARKANSAS,$0.01B
CLARK,ARKANSAS,$0.01B
SCOTT,INDIANA,$0.01B
MONITEAU,MISSOURI,$0.01B
CLAIBORNE,TENNESSEE,$0.01B
PAGE,VIRGINIA,$0.01B
WESTMORELAND,VIRGINIA,$0.01B
RAPPAHANNOCK,VIRGINIA,$0.01B
COLUMBIA,OREGON,$0.01B
CHEYENNE,NEBRASKA,$0.01B
RICE,MINNESOTA,$0.01B
MONROE,MISSOURI,$0.01B
HUMACAO,PUERTO RICO,$0.01B
MAURY,TENNESSEE,$0.01B
KIMBALL,NEBRASKA,$0.01B
BARREN,KENTUCKY,$0.01B
DECATUR,GEORGIA,$0.01B
CLINTON,PENNSYLVANIA,$0.01B
DUVAL,TEXAS,$0.01B
LAKE,CALIFORNIA,$0.01B
ALLEN,LOUISIANA,$0.01B
EDMONSON,KENTUCKY,$0.01B
RUSSELL,ALABAMA,$0.01B
RAVALLI,MONTANA,$0.01B
GRAYSON,KENTUCKY,$0.01B
DICKSON,TENNESSEE,$0.01B
HIDALGO,NEW MEXICO,$0.01B
MORROW,OHIO,$0.01B
MARATHON,WISCONSIN,$0.01B
MADISON,INDIANA,$0.01B
WABASHA,MINNESOTA,$0.01B
WILSON,TENNESSEE,$0.01B
CHEROKEE,KANSAS,$0.01B
BLAINE,OKLAHOMA,$0.01B
HAMPTON (CITY),VIRGINIA,$0.01B
DILLINGHAM,ALASKA,$0.01B
POLK,ARKANSAS,$0.01B
MONROE,ILLINOIS,$0.01B
PAULDING,OHIO,$0.01B
WASHINGTON,WISCONSIN,$0.01B
HOPKINS,TEXAS,$0.01B
PIKE,ILLINOIS,$0.01B
WAGONER,OKLAHOMA,$0.01B
DORADO,PUERTO RICO,$0.01B
SHAWANO,WISCONSIN,$0.01B
STEPHENSON,ILLINOIS,$0.01B
PRINCE EDWARD,VIRGINIA,$0.01B
CLAY,ARKANSAS,$0.01B
MCINTOSH,OKLAHOMA,$0.01B
OCONEE,SOUTH CAROLINA,$0.01B
ONEIDA,WISCONSIN,$0.01B
APPOMATTOX,VIRGINIA,$0.01B
FRANKLIN,MISSOURI,$0.01B
PERRY,MISSOURI,$0.01B
YATES,NEW YORK,$0.01B
COSHOCTON,OHIO,$0.00B
NEZ PERCE,IDAHO,$0.00B
SANDERS,MONTANA,$0.00B
WOOD,WEST VIRGINIA,$0.00B
CAGUAS,PUERTO RICO,$0.00B
TOA BAJA,PUERTO RICO,$0.00B
ALLAMAKEE,IOWA,$0.00B
GRANT,NEW MEXICO,$0.00B
CULEBRA,PUERTO RICO,$0.00B
BATH,VIRGINIA,$0.00B
FRANKLIN,GEORGIA,$0.00B
COAHOMA,MISSISSIPPI,$0.00B
COFFEY,KANSAS,$0.00B
SNYDER,PENNSYLVANIA,$0.00B
LAURENS,SOUTH CAROLINA,$0.00B
PALO PINTO,TEXAS,$0.00B
WASHINGTON,OKLAHOMA,$0.00B
DOUGLAS,OREGON,$0.00B
WAKULLA,FLORIDA,$0.00B
HOOD,TEXAS,$0.00B
GEORGETOWN,SOUTH CAROLINA,$0.00B
DARLINGTON,SOUTH CAROLINA,$0.00B
CUMBERLAND,TENNESSEE,$0.00B
MODOC,CALIFORNIA,$0.00B
BEAVERHEAD,MONTANA,$0.00B
SUMMIT,COLORADO,$0.00B
HOUSTON,MINNESOTA,$0.00B
SHANNON,SOUTH DAKOTA,$0.00B
CEDAR,MISSOURI,$0.00B
FRANKLIN CITY,VIRGINIA,$0.00B
ALEUTIANS WEST (CA),ALASKA,$0.00B
PETTIS,MISSOURI,$0.00B
TELLER,COLORADO,$0.00B
APPANOOSE,IOWA,$0.00B
RED RIVER,TEXAS,$0.00B
JOHNSON,TENNESSEE,$0.00B
BROWN,TEXAS,$0.00B
HENDERSON,NORTH CAROLINA,$0.00B
MONROE,WEST VIRGINIA,$0.00B
WARREN,MISSOURI,$0.00B
TALBOT,GEORGIA,$0.00B
MCLEAN,ILLINOIS,$0.00B
ALLEGANY,MARYLAND,$0.00B
TYLER,WEST VIRGINIA,$0.00B
SUWANNEE,FLORIDA,$0.00B
FANNIN,TEXAS,$0.00B
LAC QUI PARLE,MINNESOTA,$0.00B
MORRIS,KANSAS,$0.00B
MERCER,NORTH DAKOTA,$0.00B
VALDEZ CORDOVA,ALASKA,$0.00B
LAWRENCE,PENNSYLVANIA,$0.00B
LEE,IOWA,$0.00B
FULTON,ILLINOIS,$0.00B
UPSHUR,TEXAS,$0.00B
LAFAYETTE,ARKANSAS,$0.00B
BRULE,SOUTH DAKOTA,$0.00B
MONTGOMERY,KANSAS,$0.00B
NATCHITOCHES,LOUISIANA,$0.00B
CALDWELL,LOUISIANA,$0.00B
RALEIGH,WEST VIRGINIA,$0.00B
LYMAN,SOUTH DAKOTA,$0.00B
BEAUFORT,NORTH CAROLINA,$0.00B
LAUDERDALE,TENNESSEE,$0.00B
CHISAGO,MINNESOTA,$0.00B
PARK,WYOMING,$0.00B
CLARK,INDIANA,$0.00B
MACOUPIN,ILLINOIS,$0.00B
CASS,ILLINOIS,$0.00B
DUCHESNE,UTAH,$0.00B
CRAWFORD,WISCONSIN,$0.00B
LUCAS,IOWA,$0.00B
JONES,MISSISSIPPI,$0.00B
LOGAN,OKLAHOMA,$0.00B
LATAH,IDAHO,$0.00B
EAGLE,COLORADO,$0.00B
LAMAR,MISSISSIPPI,$0.00B
FARIBAULT,MINNESOTA,$0.00B
UNION,OHIO,$0.00B
CHUGACH,ALASKA,$0.00B
TWIN FALLS,IDAHO,$0.00B
LINCOLN,KANSAS,$0.00B
WILCOX,ALABAMA,$0.00B
GRAHAM,ARIZONA,$0.00B
NOWATA,OKLAHOMA,$0.00B
COOSA,ALABAMA,$0.00B
MISSISSIPPI,MISSOURI,$0.00B
CALHOUN,MISSISSIPPI,$0.00B
GOOCHLAND,VIRGINIA,$0.00B
MONTGOMERY,ILLINOIS,$0.00B
FREMONT,COLORADO,$0.00B
MARENGO,ALABAMA,$0.00B
PETERSBURG (CITY),VIRGINIA,$0.00B
RIO GRANDE,PUERTO RICO,$0.00B
LAPEER,MICHIGAN,$0.00B
MONROE,MISSISSIPPI,$0.00B
CLEARFIELD,PENNSYLVANIA,$0.00B
NODAWAY,MISSOURI,$0.00B
MACON,ILLINOIS,$0.00B
WARREN,IOWA,$0.00B
ULSTER,NEW YORK,$0.00B
HOLT,MISSOURI,$0.00B
TREMPEALEAU,WISCONSIN,$0.00B
PERRY,KENTUCKY,$0.00B
NESHOBA,MISSISSIPPI,$0.00B
SCOTTS BLUFF,NEBRASKA,$0.00B
CHEROKEE,SOUTH CAROLINA,$0.00B
MORGAN,UTAH,$0.00B
FREMONT,WYOMING,$0.00B
PRINCE OF WALES-HYDER (CA),ALASKA,$0.00B
LINCOLN,SOUTH DAKOTA,$0.00B
FLORENCE,SOUTH CAROLINA,$0.00B
CLARKE,ALABAMA,$0.00B
MONROE,ALABAMA,$0.00B
WALWORTH,WISCONSIN,$0.00B
CIBOLA,NEW MEXICO,$0.00B
BARAGA,MICHIGAN,$0.00B
MCNAIRY,TENNESSEE,$0.00B
VILAS,WISCONSIN,$0.00B
MARQUETTE,WISCONSIN,$0.00B
MARION,TEXAS,$0.00B
CHILTON,ALABAMA,$0.00B
LUQUILLO,PUERTO RICO,$0.00B
HASKELL,TEXAS,$0.00B
SALINE,ILLINOIS,$0.00B
DODGE,GEORGIA,$0.00B
MITCHELL,IOWA,$0.00B
DIXON,NEBRASKA,$0.00B
NAVAJO,ARIZONA,$0.00B
LINCOLN,NORTH CAROLINA,$0.00B
JASPER,GEORGIA,$0.00B
CHEBOYGAN,MICHIGAN,$0.00B
MADISON,OHIO,$0.00B
SCOTLAND,NORTH CAROLINA,$0.00B
HENRY,ALABAMA,$0.00B
MCKENZIE,NORTH DAKOTA,$0.00B
LIVINGSTON,LOUISIANA,$0.00B
MANISTEE,MICHIGAN,$0.00B
GREENE,INDIANA,$0.00B
CARTER,OKLAHOMA,$0.00B
SPENCER,INDIANA,$0.00B
LOGAN,OHIO,$0.00B
DODGE,NEBRASKA,$0.00B
HAYWOOD,NORTH CAROLINA,$0.00B
ROOSEVELT,NEW MEXICO,$0.00B
GAGE,NEBRASKA,$0.00B
BARNWELL,SOUTH CAROLINA,$0.00B
MOHAVE,ARIZONA,$0.00B
SAN JUAN,WASHINGTON,$0.00B
JACKSON,IOWA,$0.00B
UPSHUR,WEST VIRGINIA,$0.00B
SEVIER,ARKANSAS,$0.00B
SOMERSET,MAINE,$0.00B
YORK,NEBRASKA,$0.00B
GRAND,UTAH,$0.00B
COOPER,MISSOURI,$0.00B
ALEXANDRIA (CITY),VIRGINIA,$0.00B
GREENWOOD,KANSAS,$0.00B
LANGLADE,WISCONSIN,$0.00B
PEND OREILLE,WASHINGTON,$0.00B
DIXIE,FLORIDA,$0.00B
GREENE,IOWA,$0.00B
ROUTT,COLORADO,$0.00B
TAYLOR,WEST VIRGINIA,$0.00B
NEOSHO,KANSAS,$0.00B
HARRIS,GEORGIA,$0.00B
CLARK,MISSOURI,$0.00B
BOTETOURT,VIRGINIA,$0.00B
BLACK HAWK,IOWA,$0.00B
PERQUIMANS,NORTH CAROLINA,$0.00B
STONE,MISSOURI,$0.00B
ESSEX,VIRGINIA,$0.00B
CRAIGHEAD,ARKANSAS,$0.00B
UNION,PENNSYLVANIA,$0.00B
AMADOR,CALIFORNIA,$0.00B
FALL RIVER,SOUTH DAKOTA,$0.00B
GUAYANILLA,PUERTO RICO,$0.00B
BRUNSWICK,VIRGINIA,$0.00B
SCOTT,KENTUCKY,$0.00B
PORTAGE,WISCONSIN,$0.00B
NAVARRO,TEXAS,$0.00B
COMANCHE,TEXAS,$0.00B
CARLTON,MINNESOTA,$0.00B
BARNES,NORTH DAKOTA,$0.00B
JUNIATA,PENNSYLVANIA,$0.00B
BROWN,INDIANA,$0.00B
JEFFERSON,OHIO,$0.00B
PIKE,ARKANSAS,$0.00B
MILLE LACS,MINNESOTA,$0.00B
COLUSA,CALIFORNIA,$0.00B
PENDER,NORTH CAROLINA,$0.00B
POTTER,PENNSYLVANIA,$0.00B
VAN ZANDT,TEXAS,$0.00B
SPINK,SOUTH DAKOTA,$0.00B
DELAWARE,INDIANA,$0.00B
GENESEE,NEW YORK,$0.00B
PICKETT,TENNESSEE,$0.00B
MONTGOMERY,MISSOURI,$0.00B
CAMPBELL,KENTUCKY,$0.00B
LAPORTE,INDIANA,$0.00B
ORANGE,INDIANA,$0.00B
MEDINA,TEXAS,$0.00B
WAHKIAKUM,WASHINGTON,$0.00B
GREGORY,SOUTH DAKOTA,$0.00B
UNION,GEORGIA,$0.00B
FERGUS,MONTANA,$0.00B
SAN JUAN,NEW MEXICO,$0.00B
STEELE,MINNESOTA,$0.00B
BURLESON,TEXAS,$0.00B
PLYMOUTH,IOWA,$0.00B
RANSOM,NORTH DAKOTA,$0.00B
SAN PATRICIO,TEXAS,$0.00B
LEELANAU,MICHIGAN,$0.00B
SCHOOLCRAFT,MICHIGAN,$0.00B
RUSK,TEXAS,$0.00B
SALINE,ARKANSAS,$0.00B
MARIPOSA,CALIFORNIA,$0.00B
SHERMAN,NEBRASKA,$0.00B
CALAVERAS,CALIFORNIA,$0.00B
NORTHWEST ARCTIC,ALASKA,$0.00B
KNOX,MAINE,$0.00B
ROANE,WEST VIRGINIA,$0.00B
PITKIN,COLORADO,$0.00B
WILLIAMSBURG (CITY),VIRGINIA,$0.00B
HOWARD,MISSOURI,$0.00B
ROWAN,NORTH CAROLINA,$0.00B
ROOSEVELT,MONTANA,$0.00B
DISTRICT OF COLUMBIA,VIRGINIA,$0.00B
BUCKINGHAM,VIRGINIA,$0.00B
JEFFERSON,KANSAS,$0.00B
BOURBON,KANSAS,$0.00B
MORRIS,TEXAS,$0.00B
SCOTT,MINNESOTA,$0.00B
PUSHMATAHA,OKLAHOMA,$0.00B
TITUS,TEXAS,$0.00B
DEKALB,ILLINOIS,$0.00B
DAVIESS,KENTUCKY,$0.00B
GREGG,TEXAS,$0.00B
HARDIN,TENNESSEE,$0.00B
CASWELL,NORTH CAROLINA,$0.00B
LAKE,MINNESOTA,$0.00B
DELTA,TEXAS,$0.00B
CLARION,PENNSYLVANIA,$0.00B
LYON,KANSAS,$0.00B
SKAGWAY HOONAH ANGOON,ALASKA,$0.00B
BEE,TEXAS,$0.00B
HILL,TEXAS,$0.00B
WASHINGTON,IDAHO,$0.00B
VICTORIA,TEXAS,$0.00B
DICKEY,NORTH DAKOTA,$0.00B
LINCOLN,TENNESSEE,$0.00B
AUTAUGA,ALABAMA,$0.00B
LEWIS,WASHINGTON,$0.00B
JO DAVIESS,ILLINOIS,$0.00B
IRON,MICHIGAN,$0.00B
SUMNER,KANSAS,$0.00B
TYLER,TEXAS,$0.00B
MONROE,OHIO,$0.00B
VANCE,NORTH CAROLINA,$0.00B
CASS,INDIANA,$0.00B
GUADALUPE,NEW MEXICO,$0.00B
WEBSTER,IOWA,$0.00B
HENDERSON,ILLINOIS,$0.00B
RANDOLPH,MISSOURI,$0.00B
TETON,IDAHO,$0.00B
VALENCIA,NEW MEXICO,$0.00B
GOODING,IDAHO,$0.00B
ROSS,OHIO,$0.00B
WHITE,ILLINOIS,$0.00B
IDAHO,IDAHO,$0.00B
BARROW,GEORGIA,$0.00B
STEVENS,WASHINGTON,$0.00B
FRANKLIN,VIRGINIA,$0.00B
MARION,OHIO,$0.00B
HANCOCK,IOWA,$0.00B
BOYD,KENTUCKY,$0.00B
JEFFERSON,OKLAHOMA,$0.00B
NEWTON,GEORGIA,$0.00B
JEFFERSON,OREGON,$0.00B
AIBONITO,PUERTO RICO,$0.00B
HARPER,KANSAS,$0.00B
CITRUS,FLORIDA,$0.00B
CODINGTON,SOUTH DAKOTA,$0.00B
MASON,ILLINOIS,$0.00B
FREEBORN,MINNESOTA,$0.00B
KEARNEY,NEBRASKA,$0.00B
POPE,MINNESOTA,$0.00B
MONTROSE,COLORADO,$0.00B
HICKORY,MISSOURI,$0.00B
LONOKE,ARKANSAS,$0.00B
MAYAGÃEZ,PUERTO RICO,$0.00B
KARNES,TEXAS,$0.00B
NOLAN,TEXAS,$0.00B
PONTOTOC,OKLAHOMA,$0.00B
BENTON,MINNESOTA,$0.00B
SAC,IOWA,$0.00B
SCHUYLER,NEW YORK,$0.00B
ACADIA,LOUISIANA,$0.00B
SCHUYLKILL,PENNSYLVANIA,$0.00B
BROWN,MINNESOTA,$0.00B
MCLEOD,MINNESOTA,$0.00B
RICE,KANSAS,$0.00B
COLEMAN,TEXAS,$0.00B
OTTAWA,OKLAHOMA,$0.00B
ITASCA,MINNESOTA,$0.00B
GREENLEE,ARIZONA,$0.00B
ECHOLS,GEORGIA,$0.00B
BEAUREGARD,LOUISIANA,$0.00B
CLINTON,KENTUCKY,$0.00B
CARROLL,MISSOURI,$0.00B
CASS,MINNESOTA,$0.00B
THOMAS,GEORGIA,$0.00B
LINCOLN,OREGON,$0.00B
SEWARD,KANSAS,$0.00B
MINER,SOUTH DAKOTA,$0.00B
MARION,KENTUCKY,$0.00B
BENNINGTON,VERMONT,$0.00B
CRAWFORD,INDIANA,$0.00B
CUMING,NEBRASKA,$0.00B
MARSHALL,OKLAHOMA,$0.00B
FRANKLIN,MAINE,$0.00B
COLUMBIA,NEW YORK,$0.00B
CLAY,IOWA,$0.00B
ATASCOSA,TEXAS,$0.00B
FINNEY,KANSAS,$0.00B
ELLIS,KANSAS,$0.00B
WASHINGTON,NEBRASKA,$0.00B
HOWARD,ARKANSAS,$0.00B
GURABO,PUERTO RICO,$0.00B
ERATH,TEXAS,$0.00B
CAPITOL,CONNECTICUT,$0.00B
REEVES,TEXAS,$0.00B
BALDWIN,GEORGIA,$0.00B
POPE,ILLINOIS,$0.00B
HOLMES,MISSISSIPPI,$0.00B
KENT,MARYLAND,$0.00B
PRESQUE ISLE,MICHIGAN,$0.00B
WRIGHT,MINNESOTA,$0.00B
HALIFAX,NORTH CAROLINA,$0.00B
FLUVANNA,VIRGINIA,$0.00B
JEFFERSON,PENNSYLVANIA,$0.00B
OCONTO,WISCONSIN,$0.00B
PENDLETON,WEST VIRGINIA,$0.00B
TEXAS,OKLAHOMA,$0.00B
RUSSELL,KANSAS,$0.00B
DODGE,WISCONSIN,$0.00B
DELTA,MICHIGAN,$0.00B
CHOCTAW,OKLAHOMA,$0.00B
RAY,MISSOURI,$0.00B
NEMAHA,NEBRASKA,$0.00B
NELSON,VIRGINIA,$0.00B
CLAY,SOUTH DAKOTA,$0.00B
CIMARRON,OKLAHOMA,$0.00B
PERRY,ARKANSAS,$0.00B
SHELBY,OHIO,$0.00B
LAMOILLE,VERMONT,$0.00B
WASHINGTON,FLORIDA,$0.00B
WARE,GEORGIA,$0.00B
GRANT,INDIANA,$0.00B
FAYETTE,ILLINOIS,$0.00B
SCOTT,MISSOURI,$0.00B
BOURBON,KENTUCKY,$0.00B
ASHLAND,OHIO,$0.00B
KNOX,KENTUCKY,$0.00B
SHELBY,TEXAS,$0.00B
SISKIYOU,CALIFORNIA,$0.00B
STEWART,TENNESSEE,$0.00B
HOWARD,TEXAS,$0.00B
MONTGOMERY,INDIANA,$0.00B
NEW KENT,VIRGINIA,$0.00B
TODD,KENTUCKY,$0.00B
WEBSTER,MISSOURI,$0.00B
LINCOLN,ARKANSAS,$0.00B
HARRISON,INDIANA,$0.00B
SOUTHEASTERN CONNECTICUT,CONNECTICUT,$0.00B
GEM,IDAHO,$0.00B
COPPER RIVER,ALASKA,$0.00B
BURNET,TEXAS,$0.00B
WALKER,ALABAMA,$0.00B
WOODWARD,OKLAHOMA,$0.00B
UINTA,WYOMING,$0.00B
CUSTER,OKLAHOMA,$0.00B
HITCHCOCK,NEBRASKA,$0.00B
STEUBEN,INDIANA,$0.00B
INYO,CALIFORNIA,$0.00B
TEHAMA,CALIFORNIA,$0.00B
POLK,OREGON,$0.00B
BROWN,SOUTH DAKOTA,$0.00B
PIKE,OHIO,$0.00B
PAWNEE,OKLAHOMA,$0.00B
MORTON,NORTH DAKOTA,$0.00B
BETHEL (CA),ALASKA,$0.00B
ISABELLA,MICHIGAN,$0.00B
TEXAS,MISSOURI,$0.00B
BENTON,TENNESSEE,$0.00B
MEIGS,TENNESSEE,$0.00B
MCDUFFIE,GEORGIA,$0.00B
PERRY,OHIO,$0.00B
MADISON,NORTH CAROLINA,$0.00B
MAHNOMEN,MINNESOTA,$0.00B
MATANUSKA-SUSITNA,ALASKA,$0.00B
PENUELAS,PUERTO RICO,$0.00B
FULTON,NEW YORK,$0.00B
BUENA VISTA CITY,VIRGINIA,$0.00B
LINN,MISSOURI,$0.00B
MACON,MISSOURI,$0.00B
WISE,VIRGINIA,$0.00B
LAMPASAS,TEXAS,$0.00B
BOONE,IOWA,$0.00B
ELMORE,ALABAMA,$0.00B
LEE,SOUTH CAROLINA,$0.00B
TRINITY,TEXAS,$0.00B
HAMPSHIRE,WEST VIRGINIA,$0.00B
PARKE,INDIANA,$0.00B
BAYFIELD,WISCONSIN,$0.00B
KANDIYOHI,MINNESOTA,$0.00B
LEWIS,WEST VIRGINIA,$0.00B
HOT SPRING,ARKANSAS,$0.00B
MOFFAT,COLORADO,$0.00B
KANKAKEE,ILLINOIS,$0.00B
MARION,TENNESSEE,$0.00B
JONES,IOWA,$0.00B
ROCKCASTLE,KENTUCKY,$0.00B
FEDERATED STATES OF MICRO,FEDERATED STATES OF MICRONESIA,$0.00B
POWHATAN,VIRGINIA,$0.00B
CLAY,WEST VIRGINIA,$0.00B
GRANT,WISCONSIN,$0.00B
ESSEX,NEW YORK,$0.00B
ALLEGHANY,NORTH CAROLINA,$0.00B
ANSON,NORTH CAROLINA,$0.00B
GRANT,KENTUCKY,$0.00B
MENARD,ILLINOIS,$0.00B
WASHINGTON,VIRGINIA,$0.00B
BARTON,KANSAS,$0.00B
WELLS,INDIANA,$0.00B
SANILAC,MICHIGAN,$0.00B
LARES,PUERTO RICO,$0.00B
GREENE,ILLINOIS,$0.00B
PRINCE WALES KETCHIKAN,ALASKA,$0.00B
FORD,KANSAS,$0.00B
CAROLINE,MARYLAND,$0.00B
GILMER,WEST VIRGINIA,$0.00B
ATTALA,MISSISSIPPI,$0.00B
MIDDLESEX,VIRGINIA,$0.00B
LOUISA,IOWA,$0.00B
BLUE EARTH,MINNESOTA,$0.00B
POINSETT,ARKANSAS,$0.00B
COLLETON,SOUTH CAROLINA,$0.00B
LAWRENCE,MISSOURI,$0.00B
CRAWFORD,ARKANSAS,$0.00B
BOLIVAR,MISSISSIPPI,$0.00B
CHELAN,WASHINGTON,$0.00B
SOUTHAMPTON,VIRGINIA,$0.00B
SANTA ISABEL,PUERTO RICO,$0.00B
ROWAN,KENTUCKY,$0.00B
SANTA CRUZ,ARIZONA,$0.00B
CARSON CITY (CITY),NEVADA,$0.00B
WISE,TEXAS,$0.00B
JACKSON,KANSAS,$0.00B
KAUFMAN,TEXAS,$0.00B
INDEPENDENCE,ARKANSAS,$0.00B
PLATTE,NEBRASKA,$0.00B
CHOWAN,NORTH CAROLINA,$0.00B
MUSSELSHELL,MONTANA,$0.00B
SANPETE,UTAH,$0.00B
MONTOUR,PENNSYLVANIA,$0.00B
BELTRAMI,MINNESOTA,$0.00B
HARDY,WEST VIRGINIA,$0.00B
ST. LAWRENCE,NEW YORK,$0.00B
GOLIAD,TEXAS,$0.00B
ALLEN,KENTUCKY,$0.00B
WALTHALL,MISSISSIPPI,$0.00B
YADKIN,NORTH CAROLINA,$0.00B
JOHNSON,NEBRASKA,$0.00B
BULLITT,KENTUCKY,$0.00B
RENO,KANSAS,$0.00B
DOUGLAS,ILLINOIS,$0.00B
GASCONADE,MISSOURI,$0.00B
SULLY,SOUTH DAKOTA,$0.00B
CHOCTAW,MISSISSIPPI,$0.00B
NOBLE,INDIANA,$0.00B
PHILLIPS,MONTANA,$0.00B
HUMBOLDT,NEVADA,$0.00B
WILSON,TEXAS,$0.00B
COLUMBIA,PENNSYLVANIA,$0.00B
JEFFERSON DAVIS,LOUISIANA,$0.00B
BETHEL,ALASKA,$0.00B
DOUGLAS,MINNESOTA,$0.00B
ANDERSON,KENTUCKY,$0.00B
BROOKS,TEXAS,$0.00B
EDGECOMBE,NORTH CAROLINA,$0.00B
THROCKMORTON,TEXAS,$0.00B
WASHITA,OKLAHOMA,$0.00B
LINCOLN,NEBRASKA,$0.00B
SAINT MARTIN,LOUISIANA,$0.00B
ONTONAGON,MICHIGAN,$0.00B
DAVISON,SOUTH DAKOTA,$0.00B
PIKE,PENNSYLVANIA,$0.00B
GRIMES,TEXAS,$0.00B
MANASSAS PARK CITY,VIRGINIA,$0.00B
SURRY,VIRGINIA,$0.00B
GRADY,OKLAHOMA,$0.00B
ST. JOHNS,FLORIDA,$0.00B
LAKE,OREGON,$0.00B
HOLMES,OHIO,$0.00B
CULLMAN,ALABAMA,$0.00B
MEIGS,OHIO,$0.00B
TORRANCE,NEW MEXICO,$0.00B
TUOLUMNE,CALIFORNIA,$0.00B
ALLEGHANY,VIRGINIA,$0.00B
HYDE,NORTH CAROLINA,$0.00B
LUCE,MICHIGAN,$0.00B
UNION,ARKANSAS,$0.00B
CORTLAND,NEW YORK,$0.00B
JEFFERSON,IDAHO,$0.00B
BUCHANAN,VIRGINIA,$0.00B
RANDALL,TEXAS,$0.00B
AMITE,MISSISSIPPI,$0.00B
MCLEAN,KENTUCKY,$0.00B
TRUJILLO ALTO,PUERTO RICO,$0.00B
ITAWAMBA,MISSISSIPPI,$0.00B
MENOMINEE,MICHIGAN,$0.00B
BATH,KENTUCKY,$0.00B
DE BACA,NEW MEXICO,$0.00B
BRECKINRIDGE,KENTUCKY,$0.00B
GREENE,PENNSYLVANIA,$0.00B
SIOUX,IOWA,$0.00B
CARROLL,IOWA,$0.00B
CRAWFORD,KANSAS,$0.00B
RICHLAND,ILLINOIS,$0.00B
LIBERTY,TEXAS,$0.00B
OGLE,ILLINOIS,$0.00B
SCOTT,TENNESSEE,$0.00B
CLAY,ALABAMA,$0.00B
HENDERSON,TENNESSEE,$0.00B
CARTER,TENNESSEE,$0.00B
MOCA,PUERTO RICO,$0.00B
WARREN,NEW YORK,$0.00B
CATRON,NEW MEXICO,$0.00B
STEPHENS,GEORGIA,$0.00B
MIDLAND,TEXAS,$0.00B
RINCON,PUERTO RICO,$0.00B
SAINT JOSEPH,MICHIGAN,$0.00B
CURRY,OREGON,$0.00B
WALDO,MAINE,$0.00B
WAYNESBORO CITY,VIRGINIA,$0.00B
SHELBY,KENTUCKY,$0.00B
MINGO,WEST VIRGINIA,$0.00B
PICKENS,GEORGIA,$0.00B
LAKE,COLORADO,$0.00B
HURON,MICHIGAN,$0.00B
LAWRENCE,KENTUCKY,$0.00B
PLUMAS,CALIFORNIA,$0.00B
CIDRA,PUERTO RICO,$0.00B
EDDY,NORTH DAKOTA,$0.00B
GRANT,OREGON,$0.00B
JACKSON,KENTUCKY,$0.00B
DEWITT,ILLINOIS,$0.00B
DAVIE,NORTH CAROLINA,$0.00B
FREESTONE,TEXAS,$0.00B
MIAMI,KANSAS,$0.00B
LEE,NORTH CAROLINA,$0.00B
CARROLL,OHIO,$0.00B
LESLIE,KENTUCKY,$0.00B
VALDEZ-CORDOVA (CA),ALASKA,$0.00B
OGLALA LAKOTA,SOUTH DAKOTA,$0.00B
SAN AUGUSTINE,TEXAS,$0.00B
BUTTE,SOUTH DAKOTA,$0.00B
CHEROKEE,TEXAS,$0.00B
NOBLE,OHIO,$0.00B
LAWRENCE,ALABAMA,$0.00B
LENAWEE,MICHIGAN,$0.00B
KNOX,ILLINOIS,$0.00B
SCHUYLER,ILLINOIS,$0.00B
LINCOLN,NEVADA,$0.00B
LEE,GEORGIA,$0.00B
BEDFORD CITY,VIRGINIA,$0.00B
SEVIER,TENNESSEE,$0.00B
UNION,OREGON,$0.00B
FAYETTE,TEXAS,$0.00B
WASECA,MINNESOTA,$0.00B
WILLIAMS,NORTH DAKOTA,$0.00B
POQUOSON (CITY),VIRGINIA,$0.00B
PORTSMOUTH (CITY),VIRGINIA,$0.00B
SALEM (CITY),VIRGINIA,$0.00B
DADE,MISSOURI,$0.00B
WASHINGTON,GEORGIA,$0.00B
FLOYD,GEORGIA,$0.00B
BACON,GEORGIA,$0.00B
ANDERSON,TEXAS,$0.00B
COFFEE,GEORGIA,$0.00B
BENSON,NORTH DAKOTA,$0.00B
NORTHAMPTON,NORTH CAROLINA,$0.00B
CATOOSA,GEORGIA,$0.00B
OCEANA,MICHIGAN,$0.00B
GARVIN,OKLAHOMA,$0.00B
WATAUGA,NORTH CAROLINA,$0.00B
MARION,MISSISSIPPI,$0.00B
AUDRAIN,MISSOURI,$0.00B
ROBERTSON,TEXAS,$0.00B
HALIFAX,VIRGINIA,$0.00B
CARROLL,TENNESSEE,$0.00B
MADISON,IDAHO,$0.00B
OTTER TAIL,MINNESOTA,$0.00B
HENRY,INDIANA,$0.00B
ADAIR,KENTUCKY,$0.00B
LARUE,KENTUCKY,$0.00B
CHAMBERS,ALABAMA,$0.00B
GALAX CITY,VIRGINIA,$0.00B
PUTNAM,INDIANA,$0.00B
JACKSON,WISCONSIN,$0.00B
OWSLEY,KENTUCKY,$0.00B
SHIAWASSEE,MICHIGAN,$0.00B
CATAHOULA,LOUISIANA,$0.00B
CALHOUN,FLORIDA,$0.00B
OVERTON,TENNESSEE,$0.00B
DIVIDE,NORTH DAKOTA,$0.00B
JACKSON,GEORGIA,$0.00B
MILAM,TEXAS,$0.00B
WILLIAMS,OHIO,$0.00B
KALKASKA,MICHIGAN,$0.00B
EMMONS,NORTH DAKOTA,$0.00B
VAN WERT,OHIO,$0.00B
EFFINGHAM,ILLINOIS,$0.00B
TALLAPOOSA,ALABAMA,$0.00B
DILLINGHAM (CA),ALASKA,$0.00B
ROCKBRIDGE,VIRGINIA,$0.00B
CHARLOTTE,VIRGINIA,$0.00B
MCDONALD,MISSOURI,$0.00B
TODD,SOUTH DAKOTA,$0.00B
BEN HILL,GEORGIA,$0.00B
WILLIAMSBURG,SOUTH CAROLINA,$0.00B
POLK,MISSOURI,$0.00B
COLUMBIA,FLORIDA,$0.00B
CLAY,KANSAS,$0.00B
JERSEY,ILLINOIS,$0.00B
GALLIA,OHIO,$0.00B
FRANKLIN,VERMONT,$0.00B
FULTON,INDIANA,$0.00B
BANNER,NEBRASKA,$0.00B
IDA,IOWA,$0.00B
LIVINGSTON,ILLINOIS,$0.00B
JEFFERSON,GEORGIA,$0.00B
LYON,MINNESOTA,$0.00B
NANTUCKET,MASSACHUSETTS,$0.00B
KITTITAS,WASHINGTON,$0.00B
MCMULLEN,TEXAS,$0.00B
POLK,NORTH CAROLINA,$0.00B
SWEETWATER,WYOMING,$0.00B
SEVIER,UTAH,$0.00B
RINGGOLD,IOWA,$0.00B
BREATHITT,KENTUCKY,$0.00B
FAJARDO,PUERTO RICO,$0.00B
VERMILLION,INDIANA,$0.00B
ROBERTS,SOUTH DAKOTA,$0.00B
BRANTLEY,GEORGIA,$0.00B
TREASURE,MONTANA,$0.00B
PRINCE WALES HYDER,ALASKA,$0.00B
IONIA,MICHIGAN,$0.00B
MOULTRIE,ILLINOIS,$0.00B
DODGE,MINNESOTA,$0.00B
STONE,ARKANSAS,$0.00B
EAST CARROLL,LOUISIANA,$0.00B
BEADLE,SOUTH DAKOTA,$0.00B
LAWRENCE,ARKANSAS,$0.00B
GARFIELD,MONTANA,$0.00B
OWYHEE,IDAHO,$0.00B
ECTOR,TEXAS,$0.00B
HARVEY,KANSAS,$0.00B
AMHERST,VIRGINIA,$0.00B
CONWAY,ARKANSAS,$0.00B
HOWARD,INDIANA,$0.00B
FOUNTAIN,INDIANA,$0.00B
HEMPHILL,TEXAS,$0.00B
COCKE,TENNESSEE,$0.00B
HUBBARD,MINNESOTA,$0.00B
FENTRESS,TENNESSEE,$0.00B
KNOX,OHIO,$0.00B
EMMET,MICHIGAN,$0.00B
HARRISON,KENTUCKY,$0.00B
WILKINSON,MISSISSIPPI,$0.00B
GREENE,MISSISSIPPI,$0.00B
BAMBERG,SOUTH CAROLINA,$0.00B
KANE,UTAH,$0.00B
SWIFT,MINNESOTA,$0.00B
WILBARGER,TEXAS,$0.00B
WADENA,MINNESOTA,$0.00B
RANDOLPH,GEORGIA,$0.00B
DAWSON,GEORGIA,$0.00B
HUDSPETH,TEXAS,$0.00B
HAMILTON,ILLINOIS,$0.00B
JONES,NORTH CAROLINA,$0.00B
HENDERSON,TEXAS,$0.00B
GILCHRIST,FLORIDA,$0.00B
CHEROKEE,IOWA,$0.00B
WETZEL,WEST VIRGINIA,$0.00B
WOODSON,KANSAS,$0.00B
BARRON,WISCONSIN,$0.00B
CASS,TEXAS,$0.00B
CHOCTAW,ALABAMA,$0.00B
WALWORTH,SOUTH DAKOTA,$0.00B
SAN SEBASTIAN,PUERTO RICO,$0.00B
OBION,TENNESSEE,$0.00B
HILLSDALE,MICHIGAN,$0.00B
YALOBUSHA,MISSISSIPPI,$0.00B
HARDIN,TEXAS,$0.00B
PLEASANTS,WEST VIRGINIA,$0.00B
FLEMING,KENTUCKY,$0.00B
BROOKS,GEORGIA,$0.00B
OSAGE,MISSOURI,$0.00B
MOODY,SOUTH DAKOTA,$0.00B
NEWBERRY,SOUTH CAROLINA,$0.00B
HOPEWELL CITY,VIRGINIA,$0.00B
CALHOUN,ILLINOIS,$0.00B
STAUNTON CITY,VIRGINIA,$0.00B
LINCOLN,WYOMING,$0.00B
HENRY,TENNESSEE,$0.00B
SIOUX,NORTH DAKOTA,$0.00B
GARRARD,KENTUCKY,$0.00B
HAND,SOUTH DAKOTA,$0.00B
BOND,ILLINOIS,$0.00B
CALHOUN,WEST VIRGINIA,$0.00B
DIMMIT,TEXAS,$0.00B
WOOD,WISCONSIN,$0.00B
DECATUR,IOWA,$0.00B
NOBLES,MINNESOTA,$0.00B
GRATIOT,MICHIGAN,$0.00B
GUERNSEY,OHIO,$0.00B
CROOK,OREGON,$0.00B
FRANKLIN,KANSAS,$0.00B
HENRY,MISSOURI,$0.00B
BRACKEN,KENTUCKY,$0.00B
JACKSON,TENNESSEE,$0.00B
REYNOLDS,MISSOURI,$0.00B
PUTNAM,GEORGIA,$0.00B
DUNN,WISCONSIN,$0.00B
MORGAN,TENNESSEE,$0.00B
GATES,NORTH CAROLINA,$0.00B
LAKE,SOUTH DAKOTA,$0.00B
MCCULLOCH,TEXAS,$0.00B
MORGAN,OHIO,$0.00B
BENTON,MISSISSIPPI,$0.00B
DEFIANCE,OHIO,$0.00B
GONZALES,TEXAS,$0.00B
LAMAR,ALABAMA,$0.00B
YAUCO,PUERTO RICO,$0.00B
DELAWARE,IOWA,$0.00B
GUAYAMA,PUERTO RICO,$0.00B
JACKSON,INDIANA,$0.00B
FOARD,TEXAS,$0.00B
DEKALB,INDIANA,$0.00B
JOHNSON,ARKANSAS,$0.00B
HARPER,OKLAHOMA,$0.00B
ALEXANDER,NORTH CAROLINA,$0.00B
DUNN,NORTH DAKOTA,$0.00B
DARKE,OHIO,$0.00B
ELK,KANSAS,$0.00B
STANTON,NEBRASKA,$0.00B
IRON,WISCONSIN,$0.00B
FRIO,TEXAS,$0.00B
EVANS,GEORGIA,$0.00B
KNOX,TEXAS,$0.00B
MORGAN,GEORGIA,$0.00B
TRIGG,KENTUCKY,$0.00B
HEARD,GEORGIA,$0.00B
TILLMAN,OKLAHOMA,$0.00B
HART,KENTUCKY,$0.00B
WILCOX,GEORGIA,$0.00B
FLOYD,TEXAS,$0.00B
VAN BUREN,ARKANSAS,$0.00B
WASHINGTON,LOUISIANA,$0.00B
VINTON,OHIO,$0.00B
YUMA,COLORADO,$0.00B
BIG HORN,WYOMING,$0.00B
KOOCHICHING,MINNESOTA,$0.00B
BOTTINEAU,NORTH DAKOTA,$0.00B
HOWARD,IOWA,$0.00B
ASHLAND,WISCONSIN,$0.00B
RIPLEY,INDIANA,$0.00B
SENECA,OHIO,$0.00B
LYON,IOWA,$0.00B
LEMHI,IDAHO,$0.00B
LEE,VIRGINIA,$0.00B
BON HOMME,SOUTH DAKOTA,$0.00B
ABBEVILLE,SOUTH CAROLINA,$0.00B
COVINGTON CITY,VIRGINIA,$0.00B
MOWER,MINNESOTA,$0.00B
GREENWOOD,SOUTH CAROLINA,$0.00B
MARION,MISSOURI,$0.00B
BOISE,IDAHO,$0.00B
CUSTER,MONTANA,$0.00B
MARSHALL,MINNESOTA,$0.00B
OTSEGO,MICHIGAN,$0.00B
OGEMAW,MICHIGAN,$0.00B
ADAMS,OHIO,$0.00B
SAN MIGUEL,COLORADO,$0.00B
DILLON,SOUTH CAROLINA,$0.00B
CHRISTIAN,MISSOURI,$0.00B
RANDOLPH,ARKANSAS,$0.00B
LEWIS,IDAHO,$0.00B
ST. THOMAS,VIRGIN ISLANDS,$0.00B
MIFFLIN,PENNSYLVANIA,$0.00B
CUSTER,SOUTH DAKOTA,$0.00B
KEWEENAW,MICHIGAN,$0.00B
CLAIBORNE,MISSISSIPPI,$0.00B
MARLBORO,SOUTH CAROLINA,$0.00B
BIBB,ALABAMA,$0.00B
NEWTON,INDIANA,$0.00B
ARCHER,TEXAS,$0.00B
WHITE,ARKANSAS,$0.00B
WHITFIELD,GEORGIA,$0.00B
OTTAWA,KANSAS,$0.00B
IOWA,WISCONSIN,$0.00B
COLONIAL HEIGHTS CITY,VIRGINIA,$0.00B
OGLETHORPE,GEORGIA,$0.00B
CONECUH,ALABAMA,$0.00B
CALDWELL,TEXAS,$0.00B
LINCOLN,WASHINGTON,$0.00B
PENNINGTON,MINNESOTA,$0.00B
IRON,MISSOURI,$0.00B
GILMER,GEORGIA,$0.00B
MARSHALL,KENTUCKY,$0.00B
BARRY,MISSOURI,$0.00B
GRAINGER,TENNESSEE,$0.00B
CAMDEN,NORTH CAROLINA,$0.00B
DUPLIN,NORTH CAROLINA,$0.00B
PINE,MINNESOTA,$0.00B
SUMTER,ALABAMA,$0.00B
CONEJOS,COLORADO,$0.00B
CHICKASAW,IOWA,$0.00B
HEMPSTEAD,ARKANSAS,$0.00B
OHIO,KENTUCKY,$0.00B
RUNNELS,TEXAS,$0.00B
WEBSTER,KENTUCKY,$0.00B
ISANTI,MINNESOTA,$0.00B
HAAKON,SOUTH DAKOTA,$0.00B
LLANO,TEXAS,$0.00B
POLK,TEXAS,$0.00B
GULF,FLORIDA,$0.00B
WHITE PINE,NEVADA,$0.00B
TAMA,IOWA,$0.00B
SCOTLAND,MISSOURI,$0.00B
SEMINOLE,GEORGIA,$0.00B
DALLAS,MISSOURI,$0.00B
OXFORD,MAINE,$0.00B
UNION,TENNESSEE,$0.00B
CASEY,KENTUCKY,$0.00B
WHITLEY,KENTUCKY,$0.00B
WYANDOT,OHIO,$0.00B
GORDON,GEORGIA,$0.00B
MONTAGUE,TEXAS,$0.00B
SCOTT,ILLINOIS,$0.00B
UNION,LOUISIANA,$0.00B
COLFAX,NEBRASKA,$0.00B
MOROVIS,PUERTO RICO,$0.00B
LEE,ILLINOIS,$0.00B
BENZIE,MICHIGAN,$0.00B
WAYNE,MISSISSIPPI,$0.00B
ALGER,MICHIGAN,$0.00B
GREENE,GEORGIA,$0.00B
VILLALBA,PUERTO RICO,$0.00B
PULASKI,INDIANA,$0.00B
WHITE,TENNESSEE,$0.00B
GENEVA,ALABAMA,$0.00B
LAMB,TEXAS,$0.00B
PARK,COLORADO,$0.00B
MCDONOUGH,ILLINOIS,$0.00B
GALLATIN,ILLINOIS,$0.00B
WINNESHIEK,IOWA,$0.00B
GLACIER,MONTANA,$0.00B
BLECKLEY,GEORGIA,$0.00B
WASHINGTON,INDIANA,$0.00B
HUTCHINSON,SOUTH DAKOTA,$0.00B
CRAWFORD,IOWA,$0.00B
SCOTT,ARKANSAS,$0.00B
WAYNE,TENNESSEE,$0.00B
MARSHALL,WEST VIRGINIA,$0.00B
MONTGOMERY,ARKANSAS,$0.00B
SABINE,TEXAS,$0.00B
JONES,GEORGIA,$0.00B
BARBOUR,ALABAMA,$0.00B
IZARD,ARKANSAS,$0.00B
HAMILTON,NEW YORK,$0.00B
GUTHRIE,IOWA,$0.00B
GRANT,SOUTH DAKOTA,$0.00B
CRAWFORD,MISSOURI,$0.00B
DAWES,NEBRASKA,$0.00B
CARROLL,NEW HAMPSHIRE,$0.00B
WILSON,KANSAS,$0.00B
AMELIA,VIRGINIA,$0.00B
PALO ALTO,IOWA,$0.00B
CHICKASAW,MISSISSIPPI,$0.00B
DAKOTA,NEBRASKA,$0.00B
MOORE,TEXAS,$0.00B
BARBOUR,WEST VIRGINIA,$0.00B
ROSEAU,MINNESOTA,$0.00B
SIMPSON,KENTUCKY,$0.00B
SUMTER,GEORGIA,$0.00B
LAVACA,TEXAS,$0.00B
BAKER,FLORIDA,$0.00B
MCHENRY,NORTH DAKOTA,$0.00B
NO COUNTY LISTED,AMERICAN SAMOA,$0.00B
PRENTISS,MISSISSIPPI,$0.00B
OKMULGEE,OKLAHOMA,$0.00B
SEWARD,NEBRASKA,$0.00B
PRICE,WISCONSIN,$0.00B
EDWARDS,TEXAS,$0.00B
GUNNISON,COLORADO,$0.00B
JEFFERSON,MONTANA,$0.00B
LOGAN,WEST VIRGINIA,$0.00B
BARCELONETA,PUERTO RICO,$0.00B
DADE,GEORGIA,$0.00B
WIRT,WEST VIRGINIA,$0.00B
CHESTER,SOUTH CAROLINA,$0.00B
HANCOCK,GEORGIA,$0.00B
CASS,IOWA,$0.00B
KEMPER,MISSISSIPPI,$0.00B
CLARKE,VIRGINIA,$0.00B
MORGAN,MISSOURI,$0.00B
CLAY,MISSISSIPPI,$0.00B
LINCOLN,MISSISSIPPI,$0.00B
NOXUBEE,MISSISSIPPI,$0.00B
PAMLICO,NORTH CAROLINA,$0.00B
RICHLAND,NORTH DAKOTA,$0.00B
GREEN,KENTUCKY,$0.00B
JACKSON,OHIO,$0.00B
SARGENT,NORTH DAKOTA,$0.00B
SHARP,ARKANSAS,$0.00B
MCCONE,MONTANA,$0.00B
VEGA BAJA,PUERTO RICO,$0.00B
HAMILTON,TEXAS,$0.00B
CARROLL,KENTUCKY,$0.00B
WASHINGTON,KANSAS,$0.00B
WOODFORD,KENTUCKY,$0.00B
FILLMORE,MINNESOTA,$0.00B
GRANT,ARKANSAS,$0.00B
BELMONT,OHIO,$0.00B
PARK,MONTANA,$0.00B
MASON,TEXAS,$0.00B
LACLEDE,MISSOURI,$0.00B
TERRELL,GEORGIA,$0.00B
MACON,GEORGIA,$0.00B
ELBERT,COLORADO,$0.00B
LOGAN,KENTUCKY,$0.00B
BOUNDARY,IDAHO,$0.00B
MONROE,GEORGIA,$0.00B
COLUMBIA,WISCONSIN,$0.00B
ATOKA,OKLAHOMA,$0.00B
MADISON,GEORGIA,$0.00B
CARBON,UTAH,$0.00B
MONTEZUMA,COLORADO,$0.00B
CAMDEN,MISSOURI,$0.00B
ANDREW,MISSOURI,$0.00B
JUDITH BASIN,MONTANA,$0.00B
HARRISON,MISSOURI,$0.00B
PERRY,ALABAMA,$0.00B
MALHEUR,OREGON,$0.00B
WASHINGTON,MISSOURI,$0.00B
CLAY,NORTH CAROLINA,$0.00B
GILA,ARIZONA,$0.00B
SEQUATCHIE,TENNESSEE,$0.00B
ROLETTE,NORTH DAKOTA,$0.00B
COTTON,OKLAHOMA,$0.00B
DINWIDDIE,VIRGINIA,$0.00B
DICKINSON,IOWA,$0.00B
METCALFE,KENTUCKY,$0.00B
LYNCHBURG (CITY),VIRGINIA,$0.00B
MADISON,IOWA,$0.00B
CARROLL,VIRGINIA,$0.00B
GRAND,COLORADO,$0.00B
MARSHALL,TENNESSEE,$0.00B
MASON,KENTUCKY,$0.00B
HUMPHREYS,TENNESSEE,$0.00B
FRANKLIN,NORTH CAROLINA,$0.00B
HARDIN,IOWA,$0.00B
JACKSON,FLORIDA,$0.00B
BIG HORN,MONTANA,$0.00B
MILLS,IOWA,$0.00B
CLINCH,GEORGIA,$0.00B
LASALLE,ILLINOIS,$0.00B
PETERSBURG,ALASKA,$0.00B
FOREST,WISCONSIN,$0.00B
HABERSHAM,GEORGIA,$0.00B
CHAUTAUQUA,KANSAS,$0.00B
CHRISTIAN,ILLINOIS,$0.00B
JENKINS,GEORGIA,$0.00B
RICHLAND,WISCONSIN,$0.00B
HOLT,NEBRASKA,$0.00B
WINSTON,ALABAMA,$0.00B
GENTRY,MISSOURI,$0.00B
PREBLE,OHIO,$0.00B
PAYETTE,IDAHO,$0.00B
HENRY,IOWA,$0.00B
HAMILTON,NEBRASKA,$0.00B
BROOKE,WEST VIRGINIA,$0.00B
MAVERICK,TEXAS,$0.00B
LINCOLN,GEORGIA,$0.00B
TAYLOR,WISCONSIN,$0.00B
EASTLAND,TEXAS,$0.00B
GRANT,WEST VIRGINIA,$0.00B
MARTIN,MINNESOTA,$0.00B
ELLIOTT,KENTUCKY,$0.00B
HARDEE,FLORIDA,$0.00B
ISSAQUENA,MISSISSIPPI,$0.00B
SAN JUAN,UTAH,$0.00B
MARSHALL,MISSISSIPPI,$0.00B
MCDOWELL,NORTH CAROLINA,$0.00B
ST. CHARLES,MISSOURI,$0.00B
MCINTOSH,NORTH DAKOTA,$0.00B
SAN GERMAN,PUERTO RICO,$0.00B
CULBERSON,TEXAS,$0.00B
CUSTER,IDAHO,$0.00B
WEBSTER,WEST VIRGINIA,$0.00B
GREENE,NORTH CAROLINA,$0.00B
GEORGE,MISSISSIPPI,$0.00B
PEPIN,WISCONSIN,$0.00B
PIKE,GEORGIA,$0.00B
SHELBY,MISSOURI,$0.00B
KIOWA,OKLAHOMA,$0.00B
GOSHEN,WYOMING,$0.00B
FREMONT,IDAHO,$0.00B
FRANKLIN,LOUISIANA,$0.00B
ALFALFA,OKLAHOMA,$0.00B
JONES,TEXAS,$0.00B
WABAUNSEE,KANSAS,$0.00B
WASHINGTON,IOWA,$0.00B
PULASKI,GEORGIA,$0.00B
FOSTER,NORTH DAKOTA,$0.00B
POWELL,MONTANA,$0.00B
TYRRELL,NORTH CAROLINA,$0.00B
OWEN,INDIANA,$0.00B
OTERO,COLORADO,$0.00B
RIO BLANCO,COLORADO,$0.00B
WOODFORD,ILLINOIS,$0.00B
ADAMS,WISCONSIN,$0.00B
FLOYD,VIRGINIA,$0.00B
MAHASKA,IOWA,$0.00B
LEON,TEXAS,$0.00B
BECKER,MINNESOTA,$0.00B
WEBSTER,NEBRASKA,$0.00B
LAMAR,GEORGIA,$0.00B
UINTAH,UTAH,$0.00B
ALCORN,MISSISSIPPI,$0.00B
OZARK,MISSOURI,$0.00B
TOA ALTA,PUERTO RICO,$0.00B
TOOLE,MONTANA,$0.00B
MARTIN,KENTUCKY,$0.00B
NOBLE,OKLAHOMA,$0.00B
DEARBORN,INDIANA,$0.00B
PROWERS,COLORADO,$0.00B
LIMESTONE,TEXAS,$0.00B
VALLEY,IDAHO,$0.00B
STEWART,GEORGIA,$0.00B
KANABEC,MINNESOTA,$0.00B
COAMO,PUERTO RICO,$0.00B
WYTHE,VIRGINIA,$0.00B
JERAULD,SOUTH DAKOTA,$0.00B
IOWA,IOWA,$0.00B
GRAYSON,VIRGINIA,$0.00B
BUTLER,NEBRASKA,$0.00B
CAMPBELL,SOUTH DAKOTA,$0.00B
HUMBOLDT,IOWA,$0.00B
MARION,ALABAMA,$0.00B
JEFFERSON,FLORIDA,$0.00B
EDGEFIELD,SOUTH CAROLINA,$0.00B
PUTNAM,OHIO,$0.00B
FAYETTE,OHIO,$0.00B
WALKER,GEORGIA,$0.00B
ESTILL,KENTUCKY,$0.00B
SAMPSON,NORTH CAROLINA,$0.00B
BOWMAN,NORTH DAKOTA,$0.00B
SCOTT,VIRGINIA,$0.00B
EARLY,GEORGIA,$0.00B
TERRELL,TEXAS,$0.00B
MORGAN,COLORADO,$0.00B
MONTGOMERY,KENTUCKY,$0.00B
JACKSON,WEST VIRGINIA,$0.00B
WAYNE,GEORGIA,$0.00B
RENVILLE,MINNESOTA,$0.00B
PONTOTOC,MISSISSIPPI,$0.00B
SHANNON,MISSOURI,$0.00B
DESOTO,FLORIDA,$0.00B
ROOKS,KANSAS,$0.00B
WALTON,GEORGIA,$0.00B
MITCHELL,GEORGIA,$0.00B
CALHOUN,IOWA,$0.00B
HARALSON,GEORGIA,$0.00B
WAPELLO,IOWA,$0.00B
POCAHONTAS,WEST VIRGINIA,$0.00B
TRAILL,NORTH DAKOTA,$0.00B
BUTLER,KENTUCKY,$0.00B
CAMPBELL,WYOMING,$0.00B
WINNEBAGO,IOWA,$0.00B
CLEBURNE,ALABAMA,$0.00B
LINCOLN,WISCONSIN,$0.00B
UVALDE,TEXAS,$0.00B
DE SOTO,LOUISIANA,$0.00B
FLOYD,IOWA,$0.00B
CLINTON,INDIANA,$0.00B
YELLOW MEDICINE,MINNESOTA,$0.00B
MARTIN,NORTH CAROLINA,$0.00B
MACKINAC,MICHIGAN,$0.00B
ARMSTRONG,TEXAS,$0.00B
PIERCE,NEBRASKA,$0.00B
HAMPTON,SOUTH CAROLINA,$0.00B
MURRAY,OKLAHOMA,$0.00B
CALLAHAN,TEXAS,$0.00B
GOGEBIC,MICHIGAN,$0.00B
PICKENS,ALABAMA,$0.00B
GRADY,GEORGIA,$0.00B
JUAB,UTAH,$0.00B
NEVADA,ARKANSAS,$0.00B
PHILLIPS,KANSAS,$0.00B
SAN JACINTO,TEXAS,$0.00B
LAGRANGE,INDIANA,$0.00B
MADISON,TEXAS,$0.00B
TWIGGS,GEORGIA,$0.00B
COLQUITT,GEORGIA,$0.00B
ADAMS,WASHINGTON,$0.00B
CLARE,MICHIGAN,$0.00B
BOLLINGER,MISSOURI,$0.00B
PRESIDIO,TEXAS,$0.00B
HERTFORD,NORTH CAROLINA,$0.00B
MILLER,GEORGIA,$0.00B
FLORENCE,WISCONSIN,$0.00B
HUTCHINSON,TEXAS,$0.00B
RICHLAND,LOUISIANA,$0.00B
TROUSDALE,TENNESSEE,$0.00B
NACOGDOCHES,TEXAS,$0.00B
CONVERSE,WYOMING,$0.00B
CHESTERFIELD,SOUTH CAROLINA,$0.00B
YOUNG,TEXAS,$0.00B
AURORA,SOUTH DAKOTA,$0.00B
NEWAYGO,MICHIGAN,$0.00B
PERRY,MISSISSIPPI,$0.00B
BUTLER,ALABAMA,$0.00B
CLINTON,MISSOURI,$0.00B
WASHINGTON,ALABAMA,$0.00B
WEST CARROLL,LOUISIANA,$0.00B
SHACKELFORD,TEXAS,$0.00B
SALINE,NEBRASKA,$0.00B
CARBON,WYOMING,$0.00B
CHILDRESS,TEXAS,$0.00B
WALSH,NORTH DAKOTA,$0.00B
EDGAR,ILLINOIS,$0.00B
UTUADO,PUERTO RICO,$0.00B
WELLS,NORTH DAKOTA,$0.00B
SAINT FRANCIS,ARKANSAS,$0.00B
LAKE,MICHIGAN,$0.00B
JEFFERSON DAVIS,MISSISSIPPI,$0.00B
MANATI,PUERTO RICO,$0.00B
ARENAC,MICHIGAN,$0.00B
CHEYENNE,COLORADO,$0.00B
FAYETTE,INDIANA,$0.00B
LATIMER,OKLAHOMA,$0.00B
QUEBRADILLAS,PUERTO RICO,$0.00B
SPALDING,GEORGIA,$0.00B
BILLINGS,NORTH DAKOTA,$0.00B
STARK,ILLINOIS,$0.00B
STEPHENS,TEXAS,$0.00B
GILLIAM,OREGON,$0.00B
RICHMOND,VIRGINIA,$0.00B
BENTON,IOWA,$0.00B
REDWOOD,MINNESOTA,$0.00B
HOUSTON,TENNESSEE,$0.00B
BURT,NEBRASKA,$0.00B
CLAIBORNE,LOUISIANA,$0.00B
BENEWAH,IDAHO,$0.00B
TRAVERSE,MINNESOTA,$0.00B
WAUSHARA,WISCONSIN,$0.00B
SHERIDAN,MONTANA,$0.00B
RICHLAND,MONTANA,$0.00B
SAN SABA,TEXAS,$0.00B
ALCONA,MICHIGAN,$0.00B
DEKALB,ALABAMA,$0.00B
TIPTON,INDIANA,$0.00B
DUNDY,NEBRASKA,$0.00B
COLFAX,NEW MEXICO,$0.00B
PRATT,KANSAS,$0.00B
WASHAKIE,WYOMING,$0.00B
BROWN,OHIO,$0.00B
LAWRENCE,MISSISSIPPI,$0.00B
MORGAN,ILLINOIS,$0.00B
POWER,IDAHO,$0.00B
SCHOHARIE,NEW YORK,$0.00B
TETON,MONTANA,$0.00B
MONROE,KENTUCKY,$0.00B
WAYNE,ILLINOIS,$0.00B
WHITE,GEORGIA,$0.00B
GRAY,KANSAS,$0.00B
KINNEY,TEXAS,$0.00B
LANDER,NEVADA,$0.00B
POCAHONTAS,IOWA,$0.00B
RED WILLOW,NEBRASKA,$0.00B
BANKS,GEORGIA,$0.00B
PIKE,MISSISSIPPI,$0.00B
EVANGELINE,LOUISIANA,$0.00B
ALPINE,CALIFORNIA,$0.00B
APPLING,GEORGIA,$0.00B
ARCHULETA,COLORADO,$0.00B
BAYAMÃN,PUERTO RICO,$0.00B
BRANCH,MICHIGAN,$0.00B
CALHOUN,SOUTH CAROLINA,$0.00B
CANNON,TENNESSEE,$0.00B
CHESAPEAKE (CITY),VIRGINIA,$0.00B
CLARKE,IOWA,$0.00B
CRAIG,OKLAHOMA,$0.00B
CROOK,WYOMING,$0.00B
CUSTER,NEBRASKA,$0.00B
DANIELS,MONTANA,$0.00B
DOÑA ANA,NEW MEXICO,$0.00B
FAIRFIELD,SOUTH CAROLINA,$0.00B
FRANKLIN,NEW YORK,$0.00B
FRANKLIN,TEXAS,$0.00B
GRAHAM,NORTH CAROLINA,$0.00B
HALE,ALABAMA,$0.00B
HOWARD,NEBRASKA,$0.00B
JASPER,MISSISSIPPI,$0.00B
JEFFERSON,MISSISSIPPI,$0.00B
LEE,KENTUCKY,$0.00B
LINCOLN,MAINE,$0.00B
LIVE OAK,TEXAS,$0.00B
LIVINGSTON,MISSOURI,$0.00B
MADISON,FLORIDA,$0.00B
MILLARD,UTAH,$0.00B
MILLER,MISSOURI,$0.00B
MONONA,IOWA,$0.00B
OREGON,MISSOURI,$0.00B
PERRY,PENNSYLVANIA,$0.00B
PHELPS,NEBRASKA,$0.00B
PONDERA,MONTANA,$0.00B
POWESHIEK,IOWA,$0.00B
PUTNAM,ILLINOIS,$0.00B
RENVILLE,NORTH DAKOTA,$0.00B
ROBERTSON,TENNESSEE,$0.00B
ROTA,NORTHERN MARIANA ISLANDS,$0.00B
SALUDA,SOUTH CAROLINA,$0.00B
SHARKEY,MISSISSIPPI,$0.00B
SIERRA,NEW MEXICO,$0.00B
SMITH,MISSISSIPPI,$0.00B
ST. CROIX,WISCONSIN,$0.00B
STEELE,NORTH DAKOTA,$0.00B
STOKES,NORTH CAROLINA,$0.00B
SUNFLOWER,MISSISSIPPI,$0.00B
UNION,ILLINOIS,$0.00B
UPTON,TEXAS,$0.00B
VEGA ALTA,PUERTO RICO,$0.00B
WYOMING,PENNSYLVANIA,$0.00B
YABUCOA,PUERTO RICO,$0.00B
